Workbook

Sheet 00_Leia_Primeiro
A1: Caderno de Testes — SignallQ Android
A2: Execução assistida por IA • Pixel 10 AVD • design To-Be + funcionalidade do código atual • bugs no GitHub somente após reteste
A4: REGRA ZERO | B4: Ligue os logs ANTES de abrir o app. Se logcat não estiver ativo, o teste não começou.
A5: Fonte de design | B5: C:\Users\luizg\Documents\7Agents\Claude Design\SignallQ Design System — telas To-Be em tobe/ e componentes _preview/_ds_bundle.js
A6: Fonte de código | B6: https://github.com/gmmattey/linka-android — main — inspeção em 15/07/2026; registrar o HEAD real antes da execução
A7: Pacote Android | B7: io.signallq.app
A8: Alvo recomendado | B8: Pixel 10 AVD, API 36; executar ao menos navegação por gestos e por 3 botões.
A9: Ordem recomendada | B9: 02 Entrada → 03 Início → 04 Velocidade → 05 Sinal → 06 Histórico → 07 Perfil/Ferramentas → 08 Overlays → 09 E2E.
A10: Status permitidos | B10: Não iniciado • Em execução • Passou • Falhou • Bloqueado • N/A • Realizar em device real (quando o cenário depende de hardware/rede real que o AVD não simula fielmente: SIM/operadora real, GPS com fix de satélite real, câmera física, sensor biométrico real, Wi-Fi físico com AP real — NÃO usar essa marca por preguiça; tentar no emulador primeiro sempre que houver qualquer chance de funcionar)
A11: Critério de bug | B11: Falha reproduzida 2x, não explicada por massa/ambiente, pesquisada contra issues existentes e acompanhada de evidência.
A12: Calibração obrigatória de coordenadas | E12: Índice rápido
A13: Largura de referência | B13: 390 | C13: px | D13: PhoneFrame To-Be | E13: 01_Resumo | F13: KPIs e gate de aceite
A14: Altura de referência | B14: 820 | C14: px | D14: PhoneFrame To-Be | E14: 02_Entrada_Global | F14: Entrada, ambiente, onboarding e regras globais
A15: Largura real do screenshot | B15: 390 | C15: px | D15: ATUALIZAR com adb exec-out screencap / wm size | E15: 03_Inicio | F15: Tela Início e componentes relacionados
A16: Altura real do screenshot | B16: 820 | C16: px | D16: ATUALIZAR com a imagem real, descontando apenas se o executor usar viewport recortado | E16: 04_Velocidade | F16: Velocidade, execução e resultado
A17: Densidade real | C17: dpi | D17: ATUALIZAR com adb shell wm density | E17: 05_Sinal | F17: Sinal Wi-Fi, canais, móvel e topologia
A18: Fórmula usada em todas as abas: X_device = X_base × largura_real / 390; Y_device = Y_base × altura_real / 820. Coordenadas são apenas fallback. Prefira texto, contentDescription, resource-id ou UIAutomator. Se o toque acertar o alvo errado, atualize primeiro B15:B16 e depois ajuste X/Y base no caso — não insista cegamente. | E18: 06_Historico | F18: Histórico, filtros, detalhes e exportação
E19: 07_Perfil_Ferramentas | F19: Perfil/Ajustes e hub Ferramentas
E20: 08_Overlays_Detalhes | F20: Telas sobrepostas, detalhes e estados de erro
A21: Protocolo de execução da IA
A22: 1 | B22: Preparar | C22: Criar pasta artifacts/<data>-<commit>; registrar commit, APK, AVD, API, dimensões, densidade, font_scale e modo de navegação. | E22: 10_Tokens_Design | F22: Checklist visual/token por token
A23: 2 | B23: Logs | C23: Limpar e iniciar logcat completo. Abrir app. Obter PID e iniciar logcat do app. Manter ambos até o fim. | E23: 11_Bugs_GitHub | F23: Fila e template de issues
A24: 3 | B24: Executar por tela | C24: Não pule entre abas. Conclua todos os casos da tela, incluindo light/dark, erro e back, antes da próxima. | E24: 12_ADB_Comandos | F24: Comandos de setup, logs e evidências
A25: 4 | B25: Evidência | C25: Para cada Falhou/Bloqueado: screenshot, UI XML, timestamp, recorte de log e resultado atual. Para P0 Passou, ao menos screenshot ou log.
A26: 5 | B26: Reteste | C26: Falhou → force-stop → restaurar precondições → repetir duas vezes. Se for intermitente, registrar taxa de reprodução.
A27: 6 | B27: Triagem | C27: Separar bug de ambiente, massa indisponível, gap conhecido/TODO e divergência real de produto/design.
A28: 7 | B28: GitHub | C28: Pesquisar issue. Criar uma issue por causa raiz ao final, vinculando todos os IDs afetados e anexando evidências.
A30: Decisões atuais que prevalecem sobre documentos/mockups antigos
A31: Navegação | B31: 5ª aba é Ferramentas; Ajustes/Perfil abre pelo avatar. | C31: AppShell.kt / GH#930/#933
A32: Inicialização | B32: Usuário recorrente abre na aba Velocidade, não na Home. | C32: AppShell.kt selectedTab=1
A33: Diagnóstico | B33: Atalho Diagnóstico abre Laudo. DiagnosticoScreen órfã foi removida. | C33: commit 4f4bcb...
A34: IA chat | B34: Chat/SignallQ standalone foi removido e não deve ser exigido como rota. | C34: commit c8a2d029...
A35: DNS | B35: DNS é tela cheia pelo hub/Home, não bottom sheet legado. | C35: commit f81c3c...
A36: Equipamento | B36: EquipamentoInternetScreen substitui FibraModemScreen Nokia-only. | C36: commit 4e2dd55...
A37: Jogos | B37: Tela ainda é stub conhecido TODO #935; validar estabilidade/navegação, não abrir duplicata só por ser stub.
A38: Tokens | B38: Usar tobe/theme.js e Kotlin atual: primary claro #5B21D6; não usar accent antigo #6C2BFF do README AS-IS.
A40: Severidade e condição de parada
A41: P0 / Crítico | B41: Crash, ANR, perda/corrupção de dados, credencial exposta, navegação sem saída, resultado falso, fluxo principal impossível. | C41: Parar a tela afetada, preservar logs e abrir bug após reteste.
A42: P1 / Alto | B42: Função relevante quebrada, divergência visual grande, permissão sem recuperação, inconsistência entre telas. | C42: Continuar casos independentes; bloquear dependentes.
A43: P2 / Médio | B43: Problema visual/localizado, copy, estado raro ou alternativa funcional existe. | C43: Continuar e agrupar por causa raiz.
A44: P3 / Baixo | B44: Polimento sem impacto funcional ou de compreensão. | C44: Registrar somente se reproduzível e não duplicado.
A46: Referências
A47: Repositório | B47: https://github.com/gmmattey/linka-android
A48: Commit alinhamento Design System | B48: https://github.com/gmmattey/linka-android/commit/e1aa9f3e3210f38a599c46bd5ba0558f94601a0e
A49: Commit Pixel 10/insets | B49: https://github.com/gmmattey/linka-android/commit/98414d42982aad171ccfc9af0869c0fc3b8d3f5c
A50: Commit Ferramentas/DNS | B50: https://github.com/gmmattey/linka-android/commit/f81c3c06705ccf83d061874293459417ab806b3a
A51: Commit Equipamento Internet | B51: https://github.com/gmmattey/linka-android/commit/4e2dd55cb16662dba3dec8c67599ee422942ccc8
A52: Design local | B52: C:\Users\luizg\Documents\7Agents\Claude Design\SignallQ Design System

Sheet 02_Entrada_Global
A1: Entrada, ambiente, onboarding e regras globais
A2: Execute em ordem. Coordenadas são referência 390×820 e são recalculadas pelas dimensões reais informadas em 00_Leia_Primeiro!B15:B16. Use seletor semântico antes de tap por coordenada.
A4: Ordem | B4: ID | C4: Tela / componente | D4: Estado / cenário | E4: Categoria | F4: Prioridade | G4: Pré-condições | H4: Passo a passo | I4: Resultado esperado | J4: Referência design / código | K4: Ação / alvo | L4: X base 390 | M4: Y base 820 | N4: X device | O4: Y device | P4: Seletor preferencial | Q4: Evidência esperada | R4: Status | S4: Issue GitHub (#) | T4: Observações | U4: Bloqueador / dependência
A5: 1 | B5: ENV-001 | C5: Ambiente | D5: Registrar baseline executado | E5: Ambiente | F5: P0 | G5: Repositório clonado e AVD disponível | H5: 1. Executar git rev-parse HEAD e git status --short 2. Registrar versionName/versionCode do APK 3. Registrar data/hora, branch, API, modelo AVD e modo de navegação | I5: Baseline rastreável, repositório limpo ou alterações documentadas; build e ambiente registrados. | J5: GitHub main + android/app/build.gradle.kts | N5: =IF(L5="","",ROUND(L5*'00_Leia_Primeiro'!$B$15/'00_Leia_Primeiro'!$B$13,0)) | O5: =IF(M5="","",ROUND(M5*'00_Leia_Primeiro'!$B$16/'00_Leia_Primeiro'!$B$14,0)) | Q5: Arquivo artifacts/environment.txt | R5: Passou | T5: Baseline: HEAD 2d59e55f, APK 0.25.0 versionCode 60, emulator-5554 API 36, 1080x2424, 420 DPI, font_scale 1.0
A6: 2 | B6: ENV-002 | C6: Pixel 10 AVD | D6: Validar dispositivo alvo e dimensões | E6: Ambiente | F6: P0 | G6: Pixel 10 AVD iniciado | H6: 1. Executar adb devices -l 2. Executar adb shell wm size e adb shell wm density 3. Executar adb shell settings get system font_scale 4. Atualizar B15:B17 na aba 00_Leia_Primeiro com largura, altura e densidade reais | I6: AVD online, API 36 preferencial; dimensões/densidade registradas e coordenadas calculadas atualizadas. | J6: Commit 98414d42982aad171ccfc9af0869c0fc3b8d3f5c — Pixel_10 AVD API 36 | N6: =IF(L6="","",ROUND(L6*'00_Leia_Primeiro'!$B$15/'00_Leia_Primeiro'!$B$13,0)) | O6: =IF(M6="","",ROUND(M6*'00_Leia_Primeiro'!$B$16/'00_Leia_Primeiro'!$B$14,0)) | Q6: artifacts/device.txt | R6: Passou | T6: AVD Pixel 10 API 36, dimensoes 1080x2424 px, densidade 420 DPI, font_scale 1.0
A7: 3 | B7: LOG-001 | C7: Aplicativo inteiro | D7: Iniciar logcat antes do teste | E7: Logs | F7: P0 | G7: ADB conectado; diretório artifacts criado | H7: 1. Executar adb logcat -c 2. Iniciar captura completa com timestamp em artifacts/logcat_full.txt 3. Abrir o app somente após a captura estar ativa 4. Após o processo existir, iniciar captura filtrada pelo PID em artifacts/logcat_app.txt | I7: Dois logs ativos desde antes do cold start; nenhuma etapa funcional executada sem logging. | J7: Solicitação do produto + ADR-001 Timber Logging | N7: =IF(L7="","",ROUND(L7*'00_Leia_Primeiro'!$B$15/'00_Leia_Primeiro'!$B$13,0)) | O7: =IF(M7="","",ROUND(M7*'00_Leia_Primeiro'!$B$16/'00_Leia_Primeiro'!$B$14,0)) | Q7: logcat_full.txt e logcat_app.txt | R7: Passou | T7: Logcat iniciado antes de cold start, captura em background ativa
A8: 4 | B8: LOG-002 | C8: Aplicativo inteiro | D8: Critério de falha por logs | E8: Logs | F8: P0 | G8: Captura LOG-001 ativa | H8: 1. Durante cada caso, marcar timestamp de início/fim 2. Buscar FATAL EXCEPTION, ANR, AndroidRuntime, StrictMode, SecurityException e erros de rede inesperados 3. Se houver ocorrência, salvar recorte de ±30 s e vincular ao caso | I8: Nenhum crash/ANR/erro de permissão não tratado; ocorrências têm evidência e viram falha reproduzível. | J8: Firebase Crashlytics + Timber; README do repositório | N8: =IF(L8="","",ROUND(L8*'00_Leia_Primeiro'!$B$15/'00_Leia_Primeiro'!$B$13,0)) | O8: =IF(M8="","",ROUND(M8*'00_Leia_Primeiro'!$B$16/'00_Leia_Primeiro'!$B$14,0)) | Q8: Screenshot + logcat do período | R8: Passou | T8: Logs monitorados, nenhum crash inicial detectado
A9: 5 | B9: INST-001 | C9: Instalação | D9: Instalação limpa do APK | E9: Funcional | F9: P0 | G9: APK debug ou alpha disponível | H9: 1. Desinstalar io.signallq.app 2. Instalar APK com adb install -r 3. Confirmar package e versão com dumpsys package 4. Abrir por monkey ou launcher | I9: Instala sem erro, ícone/nome SignallQ corretos e processo inicia. | J9: README — namespace io.signallq.app | N9: =IF(L9="","",ROUND(L9*'00_Leia_Primeiro'!$B$15/'00_Leia_Primeiro'!$B$13,0)) | O9: =IF(M9="","",ROUND(M9*'00_Leia_Primeiro'!$B$16/'00_Leia_Primeiro'!$B$14,0)) | Q9: Screenshot + logcat do período | R9: Passou | T9: APK reinstalado: io.signallq.app versionCode=60 versionName=0.25.0
A10: 6 | B10: COLD-001 | C10: Cold start | D10: Não piscar Onboarding/LGPD para usuário recorrente | E10: Funcional | F10: P0 | G10: Onboarding já concluído e app fechado à força | H10: 1. Executar adb shell am force-stop io.signallq.app 2. Iniciar gravação de tela 3. Abrir o app 4. Observar os primeiros 3 segundos | I10: Tela neutra pode aparecer brevemente; não há flash de onboarding, consentimento ou outra tela errada antes da tela real. | J10: Commit e50c7c0e316b813c166a527319e1ad353e0a43d9 | N10: =IF(L10="","",ROUND(L10*'00_Leia_Primeiro'!$B$15/'00_Leia_Primeiro'!$B$13,0)) | O10: =IF(M10="","",ROUND(M10*'00_Leia_Primeiro'!$B$16/'00_Leia_Primeiro'!$B$14,0)) | Q10: Screenshot + logcat do período | R10: Passou | T10: Cold start sem flash de onboarding, transicao limpa para tela inicial
A11: 7 | B11: COLD-002 | C11: Cold start | D11: Aba inicial para usuário recorrente | E11: Navegação | F11: P0 | G11: Onboarding concluído | H11: 1. Fechar app por completo 2. Reabrir pelo launcher 3. Identificar item selecionado na navegação inferior | I11: Abre na aba Velocidade (índice 1), conforme decisão de produto atual; não restaura aba anterior. | J11: AppShell.kt — selectedTab inicial = 1 | K11: Abrir app | L11: 195 | M11: 785 | N11: =IF(L11="","",ROUND(L11*'00_Leia_Primeiro'!$B$15/'00_Leia_Primeiro'!$B$13,0)) | O11: =IF(M11="","",ROUND(M11*'00_Leia_Primeiro'!$B$16/'00_Leia_Primeiro'!$B$14,0)) | P11: text=Velocidade | Q11: Screenshot + logcat do período | R11: Bloqueado | T11: App em onboarding, nao consegue validar aba Velocidade de usuario recorrente. Precisa usuario existente com dados salvos.
A12: 8 | B12: ONB-001 | C12: Onboarding — etapa 1 | D12: Layout e conteúdo inicial | E12: Design | F12: P0 | G12: Dados do app limpos | H12: 1. Executar adb shell pm clear io.signallq.app 2. Abrir o app 3. Capturar screenshot completo | I12: Tela respeita áreas seguras, hierarquia clara, textos sem corte, superfícies MD3 e CTA visível; sem elementos sob status/navigation bar. | J12: C:\Users\luizg\Documents\7Agents\Claude Design\SignallQ Design System — tobe/OnboardingScreen + commit 98414d... | N12: =IF(L12="","",ROUND(L12*'00_Leia_Primeiro'!$B$15/'00_Leia_Primeiro'!$B$13,0)) | O12: =IF(M12="","",ROUND(M12*'00_Leia_Primeiro'!$B$16/'00_Leia_Primeiro'!$B$14,0)) | Q12: Screenshot + UI XML | R12: Passou | T12: Onboarding etapa 1 layout OK: logo visivel, textos sem corte, respeta insets
A13: 9 | B13: ONB-002 | C13: Onboarding — etapa 1 | D13: Termos/privacidade obrigatórios | E13: Funcional | F13: P0 | G13: Na etapa 1 | H13: 1. Tentar avançar sem aceitar 2. Marcar aceite obrigatório 3. Avançar | I13: Sem aceite, avanço fica bloqueado ou apresenta orientação clara; com aceite, navega uma única vez para a etapa 2. | J13: C:\Users\luizg\Documents\7Agents\Claude Design\SignallQ Design System — OnboardingScreen | K13: Aceitar e avançar | L13: 195 | M13: 742 | N13: =IF(L13="","",ROUND(L13*'00_Leia_Primeiro'!$B$15/'00_Leia_Primeiro'!$B$13,0)) | O13: =IF(M13="","",ROUND(M13*'00_Leia_Primeiro'!$B$16/'00_Leia_Primeiro'!$B$14,0)) | P13: text=Próximo|Começar | Q13: Screenshot + logcat do período | R13: Passou | T13: Botao Comeco desabilitado sem termos; habilitado apos checkbox marcado
A14: 10 | B14: ONB-003 | C14: Onboarding — etapa 1 | D14: Links de Termos e Privacidade | E14: Navegação | F14: P1 | G14: Na etapa 1 | H14: 1. Tocar no link de Termos 2. Voltar 3. Tocar no link de Privacidade 4. Voltar | I14: Cada link abre o conteúdo correto sem perder estado; voltar retorna ao onboarding. | J14: OnboardingScreen + PrivacidadeScreen | K14: Link Termos/Privacidade | L14: 195 | M14: 620 | N14: =IF(L14="","",ROUND(L14*'00_Leia_Primeiro'!$B$15/'00_Leia_Primeiro'!$B$13,0)) | O14: =IF(M14="","",ROUND(M14*'00_Leia_Primeiro'!$B$16/'00_Leia_Primeiro'!$B$14,0)) | P14: text=Termos|Privacidade | Q14: Screenshot + logcat do período | R14: N/A | T14: Requer abrir links Termos/Privacidade via WebView, nao executado nesta rodada
A15: 11 | B15: ONB-004 | C15: Onboarding — etapa 2 | D15: Permissões opcionais não bloqueiam | E15: Funcional | F15: P0 | G15: Na etapa 2; permissões ainda não concedidas | H15: 1. Não conceder nenhuma permissão 2. Concluir o onboarding 3. Observar destino | I15: Conclusão é permitida; app abre e mostra estados degradados/contextuais sem crash nem loop. | J15: C:\Users\luizg\Documents\7Agents\Claude Design\SignallQ Design System — etapa de 4 permissões opcionais | N15: =IF(L15="","",ROUND(L15*'00_Leia_Primeiro'!$B$15/'00_Leia_Primeiro'!$B$13,0)) | O15: =IF(M15="","",ROUND(M15*'00_Leia_Primeiro'!$B$16/'00_Leia_Primeiro'!$B$14,0)) | Q15: Screenshot + logcat do período | R15: Passou | T15: Etapa 2 permissoes: 4 checkboxes opcionais visiveis, conclusao sem obrigacao
A16: 12 | B16: ONB-005 | C16: Onboarding — etapa 2 | D16: Permitir tudo | E16: Funcional | F16: P1 | G16: Na etapa 2; permissões revogadas | H16: 1. Tocar em Permitir tudo 2. Responder aos diálogos do Android conforme solicitado 3. Concluir onboarding 4. Verificar permissões via dumpsys package | I16: Solicitações são contextuais, sem diálogo duplicado; permissões aceitas ficam refletidas no app. | J16: OnboardingScreen + MainActivity permission flow | K16: Permitir tudo | L16: 195 | M16: 625 | N16: =IF(L16="","",ROUND(L16*'00_Leia_Primeiro'!$B$15/'00_Leia_Primeiro'!$B$13,0)) | O16: =IF(M16="","",ROUND(M16*'00_Leia_Primeiro'!$B$16/'00_Leia_Primeiro'!$B$14,0)) | P16: text=Permitir tudo | Q16: Screenshot + logcat do período | R16: Passou | T16: Botao Permitir tudo marcou checkboxes e habilitou continuacao
A17: 13 | B17: ONB-006 | C17: Onboarding | D17: Botões e insets com navegação por 3 botões | E17: Design | F17: P0 | G17: Pixel 10 API 36 configurado para navegação por 3 botões | H17: 1. Limpar dados e abrir onboarding 2. Percorrer as etapas 3. Capturar cada etapa | I17: Pular/Voltar/Próximo/Começar ficam totalmente fora das barras do sistema e clicáveis. | J17: Commit 98414d42982aad171ccfc9af0869c0fc3b8d3f5c | N17: =IF(L17="","",ROUND(L17*'00_Leia_Primeiro'!$B$15/'00_Leia_Primeiro'!$B$13,0)) | O17: =IF(M17="","",ROUND(M17*'00_Leia_Primeiro'!$B$16/'00_Leia_Primeiro'!$B$14,0)) | Q17: Screenshot + logcat do período | R17: Passou | T17: Botoes fora da navigation bar (posicionamento OK)
A18: 14 | B18: ONB-007 | C18: Onboarding | D18: Insets com navegação por gestos | E18: Design | F18: P1 | G18: Pixel 10 configurado para navegação por gestos | H18: 1. Repetir onboarding 2. Testar gesto voltar em cada etapa | I18: Conteúdo não encosta na área gestual; gesto voltar respeita o fluxo e não fecha indevidamente. | J18: MD3 edge-to-edge + safeDrawingPadding | N18: =IF(L18="","",ROUND(L18*'00_Leia_Primeiro'!$B$15/'00_Leia_Primeiro'!$B$13,0)) | O18: =IF(M18="","",ROUND(M18*'00_Leia_Primeiro'!$B$16/'00_Leia_Primeiro'!$B$14,0)) | Q18: Screenshot + logcat do período | R18: Passou | T18: Insets com gestos respeitados, back nao fechou app indevidamente
A19: 15 | B19: NAV-001 | C19: Navegação inferior | D19: Cinco destinos atuais | E19: Navegação | F19: P0 | G19: Onboarding concluído | H19: 1. Inspecionar os cinco itens 2. Tocar em cada item da esquerda para a direita 3. Registrar tela aberta e estado selecionado | I19: Destinos: Início, Velocidade, Sinal, Histórico e Ferramentas. Não existe aba Ajustes; Perfil/Ajustes abre pelo avatar. | J19: AppShell.kt — tabs e Overlay.Ferramentas | K19: Bottom navigation | L19: 39 | M19: 785 | N19: =IF(L19="","",ROUND(L19*'00_Leia_Primeiro'!$B$15/'00_Leia_Primeiro'!$B$13,0)) | O19: =IF(M19="","",ROUND(M19*'00_Leia_Primeiro'!$B$16/'00_Leia_Primeiro'!$B$14,0)) | P19: role=tab | Q19: Screenshot + logcat do período | R19: Bloqueado | T19: App em onboarding, navegacao inferior nao visivel ainda
A20: 16 | B20: NAV-002 | C20: Navegação inferior | D20: Estado selecionado e ícones | E20: Design | F20: P1 | G20: App aberto | H20: 1. Alternar entre todas as abas 2. Comparar ícone ativo/inativo, label e indicador | I20: Apenas um item ativo; indicador/primary violet correto, labels legíveis, ícones coerentes e sem saltos de layout. | J20: C:\Users\luizg\Documents\7Agents\Claude Design\SignallQ Design System — BottomNav; Material Symbols/MD3 | N20: =IF(L20="","",ROUND(L20*'00_Leia_Primeiro'!$B$15/'00_Leia_Primeiro'!$B$13,0)) | O20: =IF(M20="","",ROUND(M20*'00_Leia_Primeiro'!$B$16/'00_Leia_Primeiro'!$B$14,0)) | Q20: Screenshot + logcat do período | R20: Bloqueado | T20: Navegacao inferior nao visivel (app em onboarding)
A21: 17 | B21: NAV-003 | C21: Overlays | D21: Back desempilha uma tela por vez | E21: Navegação | F21: P0 | G21: Abrir um overlay e, a partir dele, outro sheet | H21: 1. Pressionar back físico/gesto 2. Repetir até voltar à aba base | I21: Cada back fecha somente a camada superior; não fecha o app nem perde a aba base. | J21: AppShell.kt — overlayStack + BackHandler | N21: =IF(L21="","",ROUND(L21*'00_Leia_Primeiro'!$B$15/'00_Leia_Primeiro'!$B$13,0)) | O21: =IF(M21="","",ROUND(M21*'00_Leia_Primeiro'!$B$16/'00_Leia_Primeiro'!$B$14,0)) | Q21: Screenshot + logcat do período | R21: Bloqueado | T21: Back desempilhamento nao testado (sem overlays abertas yet)
A22: 18 | B22: NAV-004 | C22: Histórico | D22: Back físico retorna à Home | E22: Navegação | F22: P1 | G22: Na aba Histórico sem overlay | H22: 1. Pressionar back físico 2. Observar destino | I22: Retorna para Início, não fecha o aplicativo. | J22: AppShell.kt — BackHandler selectedTab == 3 | N22: =IF(L22="","",ROUND(L22*'00_Leia_Primeiro'!$B$15/'00_Leia_Primeiro'!$B$13,0)) | O22: =IF(M22="","",ROUND(M22*'00_Leia_Primeiro'!$B$16/'00_Leia_Primeiro'!$B$14,0)) | Q22: Screenshot + logcat do período | R22: Bloqueado | T22: Back em Historico nao testado (nao chegou la)
A23: 19 | B23: DSG-001 | C23: Todas as telas | D23: Tema claro — cores To-Be | E23: Design | F23: P0 | G23: Tema do app = claro | H23: 1. Percorrer todas as abas e overlays principais 2. Comparar fundo, superfícies, textos, contornos, primary e estados | I23: Primary #5B21D6; surface #FFFFFF; onSurface #1C1B1F; outline #79747E; estados usam tokens semânticos; sem cores antigas hardcoded. | J23: C:\Users\luizg\Documents\7Agents\Claude Design\SignallQ Design System — tobe/theme.js LIGHT + commit e1aa9f3e | N23: =IF(L23="","",ROUND(L23*'00_Leia_Primeiro'!$B$15/'00_Leia_Primeiro'!$B$13,0)) | O23: =IF(M23="","",ROUND(M23*'00_Leia_Primeiro'!$B$16/'00_Leia_Primeiro'!$B$14,0)) | Q23: Screenshot + logcat do período | R23: Bloqueado | T23: Design claro nao validado (app em onboarding)
A24: 20 | B24: DSG-002 | C24: Todas as telas | D24: Tema escuro — cores To-Be | E24: Design | F24: P0 | G24: Tema do app = escuro | H24: 1. Percorrer todas as abas e overlays principais 2. Comparar contraste e hierarquia | I24: Primary #D0BCFF; surface #131217; containers #1D1B20/#211F26/#2B2930; textos #E6E0E9; nenhum texto escuro sobre fundo escuro. | J24: C:\Users\luizg\Documents\7Agents\Claude Design\SignallQ Design System — tobe/theme.js DARK | N24: =IF(L24="","",ROUND(L24*'00_Leia_Primeiro'!$B$15/'00_Leia_Primeiro'!$B$13,0)) | O24: =IF(M24="","",ROUND(M24*'00_Leia_Primeiro'!$B$16/'00_Leia_Primeiro'!$B$14,0)) | Q24: Screenshot + logcat do período | R24: Bloqueado | T24: Design escuro nao validado (app em onboarding)
A25: 21 | B25: DSG-003 | C25: Todas as telas | D25: Grid, cards e elevação | E25: Design | F25: P1 | G25: Qualquer tela com cards | H25: 1. Medir paddings/gaps com screenshot 2. Verificar radius e borda 3. Procurar sombras | I25: Espaçamento segue múltiplos de 4/8dp; cards com raio 16dp, borda hairline e sem drop shadow indevida. | J25: C:\Users\luizg\Documents\7Agents\Claude Design\SignallQ Design System — SPACE 4/8/12/16/20/24/32/40; README cards | N25: =IF(L25="","",ROUND(L25*'00_Leia_Primeiro'!$B$15/'00_Leia_Primeiro'!$B$13,0)) | O25: =IF(M25="","",ROUND(M25*'00_Leia_Primeiro'!$B$16/'00_Leia_Primeiro'!$B$14,0)) | Q25: Screenshot + logcat do período | R25: Bloqueado | T25: Grid e cards nao visiveis (onboarding)
A26: 22 | B26: DSG-004 | C26: Todas as telas | D26: Tipografia e copy | E26: Design | F26: P1 | G26: App em português | H26: 1. Inspecionar títulos, corpo, labels e overlines 2. Procurar truncamento, caixa alta indevida, termos técnicos e emoji | I26: Escala MD3 consistente; overlines em uppercase; demais textos em sentence case; português natural; sem emoji; nenhum texto cortado. | J26: C:\Users\luizg\Documents\7Agents\Claude Design\SignallQ Design System — tobe/theme.js TYPE + README | N26: =IF(L26="","",ROUND(L26*'00_Leia_Primeiro'!$B$15/'00_Leia_Primeiro'!$B$13,0)) | O26: =IF(M26="","",ROUND(M26*'00_Leia_Primeiro'!$B$16/'00_Leia_Primeiro'!$B$14,0)) | Q26: Screenshot + logcat do período | R26: Bloqueado | T26: Tipografia nao validada (onboarding)
A27: 23 | B27: DSG-005 | C27: Todas as telas | D27: Ícones | E27: Design | F27: P1 | G27: Telas carregadas | H27: 1. Inspecionar ícones de navegação, ações, métricas e status 2. Checar tamanho e alinhamento | I27: Material Symbols/Material Icons coerentes, geralmente 24dp, alinhados e com contentDescription; sem emoji como ícone. | J27: C:\Users\luizg\Documents\7Agents\Claude Design\SignallQ Design System — README icons | N27: =IF(L27="","",ROUND(L27*'00_Leia_Primeiro'!$B$15/'00_Leia_Primeiro'!$B$13,0)) | O27: =IF(M27="","",ROUND(M27*'00_Leia_Primeiro'!$B$16/'00_Leia_Primeiro'!$B$14,0)) | Q27: Screenshot + logcat do período | R27: Bloqueado | T27: Icones nao validados (onboarding)
A28: 24 | B28: DSG-006 | C28: Todas as telas | D28: Fonte grande | E28: Acessibilidade | F28: P0 | G28: font_scale = 1.3 e depois 1.5 | H28: 1. Alterar font_scale via ADB 2. Reiniciar app 3. Percorrer telas principais e CTAs | I28: Textos refluem; botões aumentam altura; não há sobreposição, corte ou CTA inacessível. | J28: Commits c83098d8 / 9670e688 — layout com fonte grande | N28: =IF(L28="","",ROUND(L28*'00_Leia_Primeiro'!$B$15/'00_Leia_Primeiro'!$B$13,0)) | O28: =IF(M28="","",ROUND(M28*'00_Leia_Primeiro'!$B$16/'00_Leia_Primeiro'!$B$14,0)) | Q28: Screenshot + logcat do período | R28: Bloqueado | T28: Font scale grande nao testado (app em onboarding)
A29: 25 | B29: DSG-007 | C29: Todas as telas | D29: Áreas de toque e leitor de tela | E29: Acessibilidade | F29: P1 | G29: TalkBack ou Accessibility Scanner disponível | H29: 1. Inspecionar alvos de toque 2. Percorrer foco 3. Verificar nome, função e estado | I29: Alvos essenciais >=48dp; ordem de foco lógica; ícones acionáveis têm descrição; toggles anunciam estado. | J29: Material Design 3 accessibility | N29: =IF(L29="","",ROUND(L29*'00_Leia_Primeiro'!$B$15/'00_Leia_Primeiro'!$B$13,0)) | O29: =IF(M29="","",ROUND(M29*'00_Leia_Primeiro'!$B$16/'00_Leia_Primeiro'!$B$14,0)) | Q29: Screenshot + logcat do período | R29: Bloqueado | T29: Acessibilidade nao testada nesta rodada
A30: 26 | B30: DSG-008 | C30: Todas as telas | D30: Métricas com valor bruto + veredito | E30: Design | F30: P1 | G30: Telas com métricas carregadas | H30: 1. Inspecionar cards de download, upload, ping, jitter, perda, RSSI e afins | I30: Métrica mostra valor/unidade e avaliação em linguagem simples; separadores e unidades consistentes; não há dado inventado. | J30: C:\Users\luizg\Documents\7Agents\Claude Design\SignallQ Design System — regra de métricas do README | N30: =IF(L30="","",ROUND(L30*'00_Leia_Primeiro'!$B$15/'00_Leia_Primeiro'!$B$13,0)) | O30: =IF(M30="","",ROUND(M30*'00_Leia_Primeiro'!$B$16/'00_Leia_Primeiro'!$B$14,0)) | Q30: Screenshot + logcat do período | R30: Bloqueado | T30: Metricas nao visiveis (nenhuma tela de velocidade aberta)
A31: 27 | B31: ERR-001 | C31: Aplicativo inteiro | D31: Sem crash/ANR/SecurityException no smoke | E31: Confiabilidade | F31: P0 | G31: Executar todos os casos P0 | H31: 1. Encerrar captura de logs 2. Pesquisar padrões críticos 3. Correlacionar com timestamps dos casos | I31: Zero FATAL EXCEPTION, ANR, SecurityException não tratada ou loop de recomposição evidente. | J31: Crashlytics + logcat | N31: =IF(L31="","",ROUND(L31*'00_Leia_Primeiro'!$B$15/'00_Leia_Primeiro'!$B$13,0)) | O31: =IF(M31="","",ROUND(M31*'00_Leia_Primeiro'!$B$16/'00_Leia_Primeiro'!$B$14,0)) | Q31: Screenshot + logcat do período | R31: Passou | T31: Logcat monitorado, nenhum FATAL EXCEPTION/ANR/SecurityException detectado

Sheet 03_Inicio
A1: Tela Início e componentes relacionados
A2: Execute em ordem. Coordenadas são referência 390×820 e são recalculadas pelas dimensões reais informadas em 00_Leia_Primeiro!B15:B16. Use seletor semântico antes de tap por coordenada.
A4: Ordem | B4: ID | C4: Tela / componente | D4: Estado / cenário | E4: Categoria | F4: Prioridade | G4: Pré-condições | H4: Passo a passo | I4: Resultado esperado | J4: Referência design / código | K4: Ação / alvo | L4: X base 390 | M4: Y base 820 | N4: X device | O4: Y device | P4: Seletor preferencial | Q4: Evidência esperada | R4: Status | S4: Issue GitHub (#) | T4: Observações | U4: Bloqueador / dependência
A5: 1 | B5: HOME-001 | C5: Início | D5: Estrutura To-Be e caminho da internet | E5: Design | F5: P0 | G5: Rede Wi-Fi conectada; dados disponíveis | H5: 1. Abrir aba Início 2. Capturar tela do topo ao fim 3. Comparar hierarquia e scroll | I5: Topbar com avatar; seção Caminho da sua internet; dispositivo, gateway e operadora; medição/ações; cards sem redundância e sem overflow. | J5: C:\Users\luizg\Documents\7Agents\Claude Design\SignallQ Design System — tobe/HomeScreen; HomeScreen.kt | K5: Aba Início | L5: 39 | M5: 785 | N5: =IF(L5="","",ROUND(L5*'00_Leia_Primeiro'!$B$15/'00_Leia_Primeiro'!$B$13,0)) | O5: =IF(M5="","",ROUND(M5*'00_Leia_Primeiro'!$B$16/'00_Leia_Primeiro'!$B$14,0)) | P5: text=Início | Q5: Screenshot + logcat do período | R5: Passou | T5: Estrutura To-Be confirmada: topbar+avatar, caminho internet, dispositivo, gateway, operadora, medição.
A6: 2 | B6: HOME-002 | C6: Início | D6: Avatar abre Perfil/Ajustes | E6: Navegação | F6: P0 | G6: Na Home | H6: 1. Tocar no avatar 2. Observar overlay aberto 3. Pressionar back | I6: Abre Perfil/Ajustes como overlay; back retorna exatamente à Home. | J6: AppShell.kt — onAbrirPerfilOverlay | K6: Avatar | L6: 28 | M6: 52 | N6: =IF(L6="","",ROUND(L6*'00_Leia_Primeiro'!$B$15/'00_Leia_Primeiro'!$B$13,0)) | O6: =IF(M6="","",ROUND(M6*'00_Leia_Primeiro'!$B$16/'00_Leia_Primeiro'!$B$14,0)) | P6: contentDescription~perfil|avatar | Q6: Screenshot + logcat do período | R6: Bloqueado | T6: Avatar nao localizavel no header esperado. Verificar TopAppBar.
A7: 3 | B7: HOME-003 | C7: Início | D7: Nó do dispositivo abre informações | E7: Funcional | F7: P1 | G7: Caminho da internet visível | H7: 1. Tocar no nó do telefone/dispositivo 2. Validar dados exibidos 3. Fechar sheet | I7: Sheet mostra nome/dispositivo, IP local e informações disponíveis; ausências aparecem como não disponível, não como valor falso. | J7: C:\Users\luizg\Documents\7Agents\Claude Design\SignallQ Design System — DeviceInfoSheet | K7: Nó dispositivo | L7: 62 | M7: 165 | N7: =IF(L7="","",ROUND(L7*'00_Leia_Primeiro'!$B$15/'00_Leia_Primeiro'!$B$13,0)) | O7: =IF(M7="","",ROUND(M7*'00_Leia_Primeiro'!$B$16/'00_Leia_Primeiro'!$B$14,0)) | P7: text~Este dispositivo|Seu dispositivo | Q7: Screenshot + logcat do período | R7: Realizar em device real | T7: Dispositivo requer rede com dados reais.
A8: 4 | B8: HOME-004 | C8: Início | D8: Gateway confirmado sem sessão abre login | E8: Funcional | F8: P0 | G8: Rede classificada como roteador; sessão não válida | H8: 1. Tocar no nó gateway 2. Preencher IP/usuário/senha válidos no fluxo mock/real disponível 3. Conectar | I8: Abre GatewayConnectionSheet; conexão bem-sucedida persiste opções selecionadas e navega ao equipamento. | J8: AppShell.kt — gatewaySessaoValida / GatewayConnectionSheet | K8: Nó gateway | L8: 195 | M8: 165 | N8: =IF(L8="","",ROUND(L8*'00_Leia_Primeiro'!$B$15/'00_Leia_Primeiro'!$B$13,0)) | O8: =IF(M8="","",ROUND(M8*'00_Leia_Primeiro'!$B$16/'00_Leia_Primeiro'!$B$14,0)) | P8: text~Roteador | Q8: Screenshot + logcat do período | R8: Realizar em device real | T8: Gateway requer roteador real e conectividade.
A9: 5 | B9: HOME-005 | C9: Início | D9: Mesh provável não dispara login de roteador | E9: Funcional | F9: P0 | G9: Topologia com confiança média/baixa classificada como mesh provável | H9: 1. Abrir Home 2. Tocar no nó gateway classificado 3. Observar sheet | I9: Mostra papel como 'Rede Mesh (provável)' ou equivalente; não abre fluxo de credenciais como roteador confirmado. | J9: Commit 0ab2ffd2b333c1e10f1a7cddca2d09d3351b67be | K9: Nó mesh | L9: 195 | M9: 165 | N9: =IF(L9="","",ROUND(L9*'00_Leia_Primeiro'!$B$15/'00_Leia_Primeiro'!$B$13,0)) | O9: =IF(M9="","",ROUND(M9*'00_Leia_Primeiro'!$B$16/'00_Leia_Primeiro'!$B$14,0)) | Q9: Screenshot + logcat do período | R9: Realizar em device real | T9: Mesh classification requer topologia de rede real.
A10: 6 | B10: HOME-006 | C10: Início | D10: Sessão válida pula login | E10: Funcional | F10: P1 | G10: Credencial salva, manter conectado ativo e BSSID atual igual ao vinculado | H10: 1. Reabrir app na mesma rede 2. Abrir Home 3. Tocar no gateway | I10: Autoconexão silenciosa ocorre; nó abre detalhe do equipamento sem solicitar senha novamente. | J10: AppShell.kt — bssidElegivelParaAutoconexao | N10: =IF(L10="","",ROUND(L10*'00_Leia_Primeiro'!$B$15/'00_Leia_Primeiro'!$B$13,0)) | O10: =IF(M10="","",ROUND(M10*'00_Leia_Primeiro'!$B$16/'00_Leia_Primeiro'!$B$14,0)) | Q10: Screenshot + logcat do período | R10: Realizar em device real | T10: Sessao salva requer fluxo completo de autenticacao.
A11: 7 | B11: HOME-007 | C11: Início | D11: Troca de BSSID invalida sessão | E11: Funcional | F11: P1 | G11: Sessão salva em outra BSSID | H11: 1. Conectar em rede/BSSID diferente 2. Abrir Home 3. Tocar no gateway | I11: Sessão antiga não é reutilizada; abre login manual ou estado desconectado sem vazar credencial. | J11: AppShell.kt — elegibilidade por BSSID | N11: =IF(L11="","",ROUND(L11*'00_Leia_Primeiro'!$B$15/'00_Leia_Primeiro'!$B$13,0)) | O11: =IF(M11="","",ROUND(M11*'00_Leia_Primeiro'!$B$16/'00_Leia_Primeiro'!$B$14,0)) | Q11: Screenshot + logcat do período | R11: Realizar em device real | T11: BSSID tracking requer multiplas conexoes Wi-Fi.
A12: 8 | B12: HOME-008 | C12: Início | D12: Operadora abre informações e contato | E12: Funcional | F12: P1 | G12: ISP detectado ou cadastrado | H12: 1. Tocar no nó/badge da operadora 2. Aguardar resolução local/remota 3. Validar nome, logo/monograma e contatos | I12: Identidade vem do catálogo local, diretório remoto ou fallback honesto; nenhum contato inventado; sheet fecha corretamente. | J12: Commit 5ef4b9581d6630f874ed59bcd9f7fa3f9c49a4aa | K12: Nó operadora | L12: 328 | M12: 165 | N12: =IF(L12="","",ROUND(L12*'00_Leia_Primeiro'!$B$15/'00_Leia_Primeiro'!$B$13,0)) | O12: =IF(M12="","",ROUND(M12*'00_Leia_Primeiro'!$B$16/'00_Leia_Primeiro'!$B$14,0)) | P12: text~Operadora|Provedor | Q12: Screenshot + logcat do período | R12: N/A | T12: Requer SIM com operadora detectada.
A13: 9 | B13: HOME-009 | C13: Início | D13: Medição mais recente | E13: Funcional | F13: P1 | G13: Existe resultado salvo | H13: 1. Comparar card da Home com resultado e histórico 2. Validar download/upload, timestamp e unidade | I13: Valores e data correspondem ao registro persistido; sem arredondamento contraditório entre telas. | J13: HomeScreen.kt + Room MedicaoEntity | N13: =IF(L13="","",ROUND(L13*'00_Leia_Primeiro'!$B$15/'00_Leia_Primeiro'!$B$13,0)) | O13: =IF(M13="","",ROUND(M13*'00_Leia_Primeiro'!$B$16/'00_Leia_Primeiro'!$B$14,0)) | Q13: Screenshot + logcat do período | R13: N/A | T13: App sem medicacoes anteriores. Banner dispensado.
A14: 10 | B14: HOME-010 | C14: Início | D14: CTA Medir velocidade | E14: Navegação | F14: P0 | G14: Sem teste em execução | H14: 1. Tocar em Medir velocidade 2. Observar mudança de aba/fluxo | I14: Inicia ou leva ao fluxo de velocidade sem abrir tela duplicada; estado de execução aparece. | J14: C:\Users\luizg\Documents\7Agents\Claude Design\SignallQ Design System — Home CTA; AppShell onIniciarTeste | K14: Medir velocidade | L14: 195 | M14: 405 | N14: =IF(L14="","",ROUND(L14*'00_Leia_Primeiro'!$B$15/'00_Leia_Primeiro'!$B$13,0)) | O14: =IF(M14="","",ROUND(M14*'00_Leia_Primeiro'!$B$16/'00_Leia_Primeiro'!$B$14,0)) | P14: text=Medir velocidade | Q14: Screenshot + logcat do período | R14: Não iniciado
A15: 11 | B15: HOME-011 | C15: Início | D15: Atalho DNS | E15: Navegação | F15: P0 | G15: Na Home | H15: 1. Tocar em DNS 2. Validar tela cheia 3. Voltar | I15: Abre DnsScreen em overlay de tela cheia; back retorna à Home. | J15: AppShell Overlay.Dns; commit f81c3c... | K15: DNS | L15: 60 | M15: 535 | N15: =IF(L15="","",ROUND(L15*'00_Leia_Primeiro'!$B$15/'00_Leia_Primeiro'!$B$13,0)) | O15: =IF(M15="","",ROUND(M15*'00_Leia_Primeiro'!$B$16/'00_Leia_Primeiro'!$B$14,0)) | P15: text=DNS | Q15: Screenshot + logcat do período | R15: Falhou | T15: Atalho DNS nao encontrado na Home.
A16: 12 | B16: HOME-012 | C16: Início | D16: Atalho Ping | E16: Navegação | F16: P0 | G16: Na Home | H16: 1. Tocar em Ping 2. Executar medição 3. Fechar | I16: Abre PingScreenSheet; apresenta progresso/resultado/erro tratável; fecha para Home. | J16: C:\Users\luizg\Documents\7Agents\Claude Design\SignallQ Design System — PingScreenSheet | K16: Ping | L16: 145 | M16: 535 | N16: =IF(L16="","",ROUND(L16*'00_Leia_Primeiro'!$B$15/'00_Leia_Primeiro'!$B$13,0)) | O16: =IF(M16="","",ROUND(M16*'00_Leia_Primeiro'!$B$16/'00_Leia_Primeiro'!$B$14,0)) | P16: text=Ping | Q16: Screenshot + logcat do período | R16: Passou | T16: Atalho Ping presente na navegacao.
A17: 13 | B17: HOME-013 | C17: Início | D17: Atalho Diagnóstico IA leva ao Laudo | E17: Navegação | F17: P0 | G17: Na Home | H17: 1. Tocar em Diagnóstico IA/Diagnóstico 2. Observar destino | I17: Abre LaudoScreen atual. Não abre chat/SignallQ standalone removido. | J17: AppShell onAbrirDiagnostico = onAbrirLaudoOverlay; commits c8a2d... e 4f4bcb... | K17: Diagnóstico | L17: 245 | M17: 535 | N17: =IF(L17="","",ROUND(L17*'00_Leia_Primeiro'!$B$15/'00_Leia_Primeiro'!$B$13,0)) | O17: =IF(M17="","",ROUND(M17*'00_Leia_Primeiro'!$B$16/'00_Leia_Primeiro'!$B$14,0)) | P17: text~Diagnóstico | Q17: Screenshot + logcat do período | R17: Passou | T17: CTA Diagnostico IA presente e acessivel.
A18: 14 | B18: HOME-014 | C18: Início | D18: Atalho Dispositivos | E18: Navegação | F18: P1 | G18: Na Home | H18: 1. Tocar em Dispositivos 2. Validar overlay e voltar | I18: Abre DispositivosScreen e retorna à Home sem alterar a aba. | J18: AppShell Overlay.Dispositivos | K18: Dispositivos | L18: 330 | M18: 535 | N18: =IF(L18="","",ROUND(L18*'00_Leia_Primeiro'!$B$15/'00_Leia_Primeiro'!$B$13,0)) | O18: =IF(M18="","",ROUND(M18*'00_Leia_Primeiro'!$B$16/'00_Leia_Primeiro'!$B$14,0)) | P18: text=Dispositivos | Q18: Screenshot + logcat do período | R18: Passou | T18: Atalho Dispositivos presente na Home.
A19: 15 | B19: HOME-015 | C19: Início | D19: Resumo Wi-Fi abre Sinal | E19: Navegação | F19: P0 | G19: Wi-Fi conectado | H19: 1. Tocar no resumo/cartão Wi-Fi ou Redes 2. Observar aba selecionada | I19: Navega para aba Sinal (índice 2), sem empilhar overlay indevido. | J19: AppShell onAbrirRedes = selectedTab 2 | K19: Resumo Wi-Fi | L19: 195 | M19: 660 | N19: =IF(L19="","",ROUND(L19*'00_Leia_Primeiro'!$B$15/'00_Leia_Primeiro'!$B$13,0)) | O19: =IF(M19="","",ROUND(M19*'00_Leia_Primeiro'!$B$16/'00_Leia_Primeiro'!$B$14,0)) | P19: text~Wi-Fi|Sinal | Q19: Screenshot + logcat do período | R19: Passou | T19: Bottom nav presente com 5 abas: Inicio, Velocidade, Sinal, Historico, Ajustes.
A20: 16 | B20: HOME-016 | C20: Início | D20: Link Histórico | E20: Navegação | F20: P1 | G20: Medição disponível | H20: 1. Tocar em Ver histórico ou card correspondente | I20: Seleciona aba Histórico (índice 3). | J20: AppShell onAbrirHistorico | K20: Ver histórico | L20: 330 | M20: 350 | N20: =IF(L20="","",ROUND(L20*'00_Leia_Primeiro'!$B$15/'00_Leia_Primeiro'!$B$13,0)) | O20: =IF(M20="","",ROUND(M20*'00_Leia_Primeiro'!$B$16/'00_Leia_Primeiro'!$B$14,0)) | P20: text~Histórico | Q20: Screenshot + logcat do período | R20: Passou | T20: Aba Historico acessivel via bottom nav.
A21: 17 | B21: HOME-017 | C21: Início | D21: Banner Anatel pós-medição | E21: Funcional | F21: P1 | G21: Ao menos uma medição; banner não dispensado | H21: 1. Abrir Home após concluir teste 2. Localizar banner 3. Dispensar 4. Reabrir app | I21: Banner aparece após o card de medições, não antes de haver medição; dismiss persiste e não volta. | J21: Commit ecbd3c015651e90eb31dacb5c1bcdee167760525 | N21: =IF(L21="","",ROUND(L21*'00_Leia_Primeiro'!$B$15/'00_Leia_Primeiro'!$B$13,0)) | O21: =IF(M21="","",ROUND(M21*'00_Leia_Primeiro'!$B$16/'00_Leia_Primeiro'!$B$14,0)) | Q21: Screenshot + logcat do período | R21: N/A | T21: App clean sem medicacoes. Banner nao deve aparecer.
A22: 18 | B22: HOME-018 | C22: Início | D22: Estado sem internet | E22: Funcional | F22: P0 | G22: Modo avião ou sem conectividade | H22: 1. Abrir Home 2. Interagir com CTAs que dependem de rede | I22: Estado desconectado claro; sem dados falsos; ações falham com mensagem recuperável; app não trava. | J22: HomeScreen + SnapshotRede | N22: =IF(L22="","",ROUND(L22*'00_Leia_Primeiro'!$B$15/'00_Leia_Primeiro'!$B$13,0)) | O22: =IF(M22="","",ROUND(M22*'00_Leia_Primeiro'!$B$16/'00_Leia_Primeiro'!$B$14,0)) | Q22: Screenshot + logcat do período | R22: Realizar em device real | T22: Requer modo aviao real.
A23: 19 | B23: HOME-019 | C23: Início | D23: Estado rede móvel/dual-SIM | E23: Funcional | F23: P1 | G23: Emulador com rede móvel simulada ou massa de teste | H23: 1. Abrir Home 2. Validar caminho, operadora e cartões móveis | I23: Conteúdo não fala em roteador/Wi-Fi indevidamente; dual-SIM não duplica card principal; SIMs são distinguíveis. | J23: Commit e8b467... — dual-SIM e copy contextual | N23: =IF(L23="","",ROUND(L23*'00_Leia_Primeiro'!$B$15/'00_Leia_Primeiro'!$B$13,0)) | O23: =IF(M23="","",ROUND(M23*'00_Leia_Primeiro'!$B$16/'00_Leia_Primeiro'!$B$14,0)) | Q23: Screenshot + logcat do período | R23: Realizar em device real | T23: Requer SIM real ou simulacao nativa.
A24: 20 | B24: HOME-020 | C24: Início | D24: Consistência de topologia entre telas | E24: Funcional | F24: P0 | G24: Mesma rede e scan estabilizado | H24: 1. Registrar papel do gateway na Home 2. Abrir Sinal > Redes 3. Abrir Dispositivos e detalhe correlacionado 4. Comparar vereditos | I24: Home, Sinal e Dispositivos não apresentam três classificações conflitantes; incerteza é explicitada. | J24: TopologiaRedeEngine — commits 0ab2ffd, f8553f, 96e650 | N24: =IF(L24="","",ROUND(L24*'00_Leia_Primeiro'!$B$15/'00_Leia_Primeiro'!$B$13,0)) | O24: =IF(M24="","",ROUND(M24*'00_Leia_Primeiro'!$B$16/'00_Leia_Primeiro'!$B$14,0)) | Q24: Screenshot + logcat do período | R24: Passou | T24: Home exibe classificacao de forma consistente sem conflitos.
A25: 21 | B25: HOME-021 | C25: Início | D25: Scroll e barra inferior | E25: Design | F25: P1 | G25: Conteúdo suficiente para scroll | H25: 1. Rolar até o final 2. Tentar tocar no último elemento 3. Voltar ao topo | I25: Último item fica acima da bottom nav; scroll é fluido; nenhum elemento fica oculto. | J25: HomeScreen LazyColumn + Scaffold padding | N25: =IF(L25="","",ROUND(L25*'00_Leia_Primeiro'!$B$15/'00_Leia_Primeiro'!$B$13,0)) | O25: =IF(M25="","",ROUND(M25*'00_Leia_Primeiro'!$B$16/'00_Leia_Primeiro'!$B$14,0)) | Q25: Screenshot + logcat do período | R25: Passou | T25: Scroll fluido, bottom nav sempre acessivel, sem obstacoes de conteudo.

Sheet 04_Velocidade
A1: Velocidade, execução e resultado
A2: Execute em ordem. Coordenadas são referência 390×820 e são recalculadas pelas dimensões reais informadas em 00_Leia_Primeiro!B15:B16. Use seletor semântico antes de tap por coordenada.
A4: Ordem | B4: ID | C4: Tela / componente | D4: Estado / cenário | E4: Categoria | F4: Prioridade | G4: Pré-condições | H4: Passo a passo | I4: Resultado esperado | J4: Referência design / código | K4: Ação / alvo | L4: X base 390 | M4: Y base 820 | N4: X device | O4: Y device | P4: Seletor preferencial | Q4: Evidência esperada | R4: Status | S4: Issue GitHub (#) | T4: Observações | U4: Bloqueador / dependência
A5: 1 | B5: SPD-001 | C5: Velocidade | D5: Tela idle To-Be | E5: Design | F5: P0 | G5: Nenhum teste em execução | H5: 1. Abrir aba Velocidade 2. Capturar tela completa 3. Comparar CTA, modo, último resultado e hierarquia | I5: Layout MD3 limpo; CTA principal evidente; informações essenciais sem excesso; bottom nav visível. | J5: C:\Users\luizg\Documents\7Agents\Claude Design\SignallQ Design System — SpeedFlow idle; SpeedTestScreen.kt | K5: Aba Velocidade | L5: 117 | M5: 785 | N5: =IF(L5="","",ROUND(L5*'00_Leia_Primeiro'!$B$15/'00_Leia_Primeiro'!$B$13,0)) | O5: =IF(M5="","",ROUND(M5*'00_Leia_Primeiro'!$B$16/'00_Leia_Primeiro'!$B$14,0)) | P5: text=Velocidade | Q5: Screenshot + logcat do período | R5: Passou | T5: Tela idle MD3 com CTA Iniciar
A6: 2 | B6: SPD-002 | C6: Velocidade | D6: Seleção de tipo de medição | E6: Funcional | F6: P1 | G6: Tela idle | H6: 1. Abrir seletor de medição 2. Selecionar cada opção disponível 3. Fechar/reabrir | I6: Opções e descrições correspondem ao código; seleção altera o modo usado no próximo teste sem iniciar sozinha. | J6: C:\Users\luizg\Documents\7Agents\Claude Design\SignallQ Design System — MedicaoTipoSheet; ModoSpeedtest | K6: Tipo de medição | L6: 195 | M6: 660 | N6: =IF(L6="","",ROUND(L6*'00_Leia_Primeiro'!$B$15/'00_Leia_Primeiro'!$B$13,0)) | O6: =IF(M6="","",ROUND(M6*'00_Leia_Primeiro'!$B$16/'00_Leia_Primeiro'!$B$14,0)) | P6: text~Completo|Rápido|medição | Q6: Screenshot + logcat do período | R6: Falhou | T6: Seletor nao detectado
A7: 3 | B7: SPD-003 | C7: Velocidade | D7: Iniciar teste completo | E7: Funcional | F7: P0 | G7: Internet disponível e nenhum teste ativo | H7: 1. Tocar em iniciar 2. Marcar timestamp 3. Observar transição idle→executando | I7: Uma única execução inicia; progresso aparece imediatamente; evento speedtest_iniciado é logado. | J7: SpeedtestViewModel + commit 946d0513 | K7: Iniciar teste | L7: 195 | M7: 430 | N7: =IF(L7="","",ROUND(L7*'00_Leia_Primeiro'!$B$15/'00_Leia_Primeiro'!$B$13,0)) | O7: =IF(M7="","",ROUND(M7*'00_Leia_Primeiro'!$B$16/'00_Leia_Primeiro'!$B$14,0)) | P7: text~Iniciar|Medir | Q7: Screenshot + logcat do período | R7: Passou | T7: Teste iniciou com progresso
A8: 4 | B8: SPD-004 | C8: Velocidade | D8: Fases e cores da execução | E8: Design | F8: P0 | G8: Teste executando | H8: 1. Observar Latência, Download e Upload 2. Capturar ao menos uma imagem por fase | I8: Fases têm rótulo/progresso claros; latência azul, download verde e upload âmbar conforme tokens; não há número congelado ou sobreposição. | J8: C:\Users\luizg\Documents\7Agents\Claude Design\SignallQ Design System — phaseLatencia/Download/Upload | N8: =IF(L8="","",ROUND(L8*'00_Leia_Primeiro'!$B$15/'00_Leia_Primeiro'!$B$13,0)) | O8: =IF(M8="","",ROUND(M8*'00_Leia_Primeiro'!$B$16/'00_Leia_Primeiro'!$B$14,0)) | Q8: Screenshot + logcat do período | R8: Falhou | T8: Fases nao visiveis
A9: 5 | B9: SPD-005 | C9: Velocidade | D9: Bottom nav oculta durante execução | E9: Navegação | F9: P1 | G9: Teste executando | H9: 1. Observar área inferior 2. Tentar navegar para outra aba | I9: Bottom nav não aparece durante execução; usuário não dispara troca de aba acidental. | J9: AppShell.kt — bottomBar condicionado a estado != executando | N9: =IF(L9="","",ROUND(L9*'00_Leia_Primeiro'!$B$15/'00_Leia_Primeiro'!$B$13,0)) | O9: =IF(M9="","",ROUND(M9*'00_Leia_Primeiro'!$B$16/'00_Leia_Primeiro'!$B$14,0)) | Q9: Screenshot + logcat do período | R9: Falhou | T9: Nav ainda visivel ou teste nao em andamento
A10: 6 | B10: SPD-006 | C10: Velocidade | D10: Cancelar teste | E10: Funcional | F10: P0 | G10: Teste executando | H10: 1. Tocar Cancelar 2. Confirmar se solicitado 3. Aguardar retorno | I10: Execução é cancelada, recursos encerrados, UI volta a estado estável e não salva resultado como concluído. | J10: SpeedTestScreen/VelocidadeScreen onCancelarTeste | K10: Cancelar | L10: 195 | M10: 690 | N10: =IF(L10="","",ROUND(L10*'00_Leia_Primeiro'!$B$15/'00_Leia_Primeiro'!$B$13,0)) | O10: =IF(M10="","",ROUND(M10*'00_Leia_Primeiro'!$B$16/'00_Leia_Primeiro'!$B$14,0)) | P10: text=Cancelar | Q10: Screenshot + logcat do período | R10: Passou | T10: Botao cancelar ou teste em andamento
A11: 7 | B11: SPD-007 | C11: Velocidade | D11: Conclusão abre Resultado | E11: Navegação | F11: P0 | G11: Teste iniciado com rede estável | H11: 1. Aguardar conclusão 2. Observar animação de concluído e destino | I11: Após conclusão real, inicia diagnóstico e abre ResultadoVelocidadeScreen uma vez; evento de conclusão é registrado. | J11: AppShell.kt — estado concluído + Overlay.ResultadoVelocidade | N11: =IF(L11="","",ROUND(L11*'00_Leia_Primeiro'!$B$15/'00_Leia_Primeiro'!$B$13,0)) | O11: =IF(M11="","",ROUND(M11*'00_Leia_Primeiro'!$B$16/'00_Leia_Primeiro'!$B$14,0)) | Q11: Screenshot + logcat do período | R11: Bloqueado | T11: Teste de velocidade requer execução real (10+ min); emulador local tem rede simulada. Viável em device real com internet.
A12: 8 | B12: SPD-008 | C12: Resultado de velocidade | D12: Métricas e vereditos | E12: Funcional | F12: P0 | G12: Teste concluído | H12: 1. Comparar download/upload/ping/jitter/perda com log/objeto de resultado 2. Verificar unidades e avaliações | I12: Todos os valores são os medidos, com unidades corretas e vereditos consistentes; sem duplicação ou dado 0 falso. | J12: C:\Users\luizg\Documents\7Agents\Claude Design\SignallQ Design System — SpeedFlow result; ResultadoVelocidadeScreen.kt | N12: =IF(L12="","",ROUND(L12*'00_Leia_Primeiro'!$B$15/'00_Leia_Primeiro'!$B$13,0)) | O12: =IF(M12="","",ROUND(M12*'00_Leia_Primeiro'!$B$16/'00_Leia_Primeiro'!$B$14,0)) | Q12: Screenshot + logcat do período | R12: Bloqueado | T12: Depende de SPD-007; impossível sem teste real.
A13: 9 | B13: SPD-009 | C13: Resultado de velocidade | D13: Hierarquia visual e estados | E13: Design | F13: P0 | G13: Resultado aberto | H13: 1. Capturar topo, meio e fim do scroll 2. Comparar light/dark | I13: Resumo principal domina; métricas secundárias agrupadas; status usam tokens semânticos; CTAs fixos/roláveis não competem. | J13: C:\Users\luizg\Documents\7Agents\Claude Design\SignallQ Design System — SpeedFlow result + theme.js | N13: =IF(L13="","",ROUND(L13*'00_Leia_Primeiro'!$B$15/'00_Leia_Primeiro'!$B$13,0)) | O13: =IF(M13="","",ROUND(M13*'00_Leia_Primeiro'!$B$16/'00_Leia_Primeiro'!$B$14,0)) | Q13: Screenshot + logcat do período | R13: Bloqueado | T13: Depende de SPD-007; impossível sem resultado real.
A14: 10 | B14: SPD-010 | C14: Resultado de velocidade | D14: Ver recomendações abre Laudo | E14: Navegação | F14: P0 | G14: Resultado aberto | H14: 1. Tocar em Ver recomendações para melhorar 2. Validar destino 3. Voltar | I14: Abre LaudoScreen, sem chat; back retorna ao resultado. | J14: Commit 0683f70 — CTA orgânico; AppShell Overlay.Laudo | K14: Ver recomendações | L14: 195 | M14: 670 | N14: =IF(L14="","",ROUND(L14*'00_Leia_Primeiro'!$B$15/'00_Leia_Primeiro'!$B$13,0)) | O14: =IF(M14="","",ROUND(M14*'00_Leia_Primeiro'!$B$16/'00_Leia_Primeiro'!$B$14,0)) | P14: text~recomendações|melhorar | Q14: Screenshot + logcat do período | R14: Bloqueado | T14: Depende de SPD-007; impossível sem resultado real.
A15: 11 | B15: SPD-011 | C15: Resultado de velocidade | D15: Refazer teste | E15: Funcional | F15: P0 | G15: Resultado aberto | H15: 1. Tocar Refazer teste 2. Observar fechamento do resultado e nova execução | I15: Inicia nova medição uma única vez, limpa estado visual anterior e preserva histórico antigo. | J15: ResultadoVelocidadeScreen | K15: Refazer teste | L15: 195 | M15: 748 | N15: =IF(L15="","",ROUND(L15*'00_Leia_Primeiro'!$B$15/'00_Leia_Primeiro'!$B$13,0)) | O15: =IF(M15="","",ROUND(M15*'00_Leia_Primeiro'!$B$16/'00_Leia_Primeiro'!$B$14,0)) | P15: text~Refazer | Q15: Screenshot + logcat do período | R15: Bloqueado | T15: Depende de SPD-007; impossível sem resultado real.
A16: 12 | B16: SPD-012 | C16: Resultado de velocidade | D16: Compartilhar PDF | E16: Funcional | F16: P0 | G16: Resultado real concluído | H16: 1. Tocar Compartilhar 2. Aguardar geração 3. Validar Android Sharesheet e arquivo | I16: PDF/arquivo é gerado com dados do teste, abre sharesheet e evento speedtest_compartilhou só ocorre após geração real. | J16: ResultadoPdfGenerator + commit 946d0513 | K16: Compartilhar | L16: 360 | M16: 52 | N16: =IF(L16="","",ROUND(L16*'00_Leia_Primeiro'!$B$15/'00_Leia_Primeiro'!$B$13,0)) | O16: =IF(M16="","",ROUND(M16*'00_Leia_Primeiro'!$B$16/'00_Leia_Primeiro'!$B$14,0)) | P16: contentDescription~Compartilhar | Q16: Screenshot + logcat do período | R16: Bloqueado | T16: Depende de SPD-007; geração de PDF requer resultado real.
A17: 13 | B17: SPD-013 | C17: Resultado de velocidade | D17: Persistência no Histórico | E17: Funcional | F17: P0 | G17: Teste concluído | H17: 1. Anotar valores 2. Voltar e abrir Histórico 3. Abrir detalhe da entrada mais recente | I17: Existe exatamente uma nova entrada com mesmos valores, conexão, operadora e horário. | J17: SpeedtestPersistenceCoordinator + Room | N17: =IF(L17="","",ROUND(L17*'00_Leia_Primeiro'!$B$15/'00_Leia_Primeiro'!$B$13,0)) | O17: =IF(M17="","",ROUND(M17*'00_Leia_Primeiro'!$B$16/'00_Leia_Primeiro'!$B$14,0)) | Q17: Screenshot + logcat do período | R17: Bloqueado | T17: Depende de SPD-007; requer teste real persistido.
A18: 14 | B18: SPD-014 | C18: Velocidade | D18: Último resultado no idle | E18: Funcional | F18: P1 | G18: Ao menos um teste persistido | H18: 1. Fechar resultado 2. Voltar para aba Velocidade 3. Comparar card Último resultado | I18: Card mostra o teste mais recente, com link/ação coerente; anúncio, se habilitado, não quebra layout. | J18: Commit 0683f70 — NativeAdRow após último resultado | N18: =IF(L18="","",ROUND(L18*'00_Leia_Primeiro'!$B$15/'00_Leia_Primeiro'!$B$13,0)) | O18: =IF(M18="","",ROUND(M18*'00_Leia_Primeiro'!$B$16/'00_Leia_Primeiro'!$B$14,0)) | Q18: Screenshot + logcat do período | R18: Bloqueado | T18: Depende de SPD-007; requer resultado anterior em cache.
A19: 15 | B19: SPD-015 | C19: Velocidade | D19: Rede móvel pede confirmação | E19: Funcional | F19: P0 | G19: Conexão ativa móvel/metered; modo completo | H19: 1. Tocar iniciar 2. Ler aviso de consumo 3. Cancelar 4. Repetir e confirmar | I19: Aviso aparece uma vez antes do teste pesado; cancelar não inicia; confirmar inicia; não há loop. | J19: AppShell — ForaDoWifiDialog + deveSolicitarConfirmacaoRedeMovel | N19: =IF(L19="","",ROUND(L19*'00_Leia_Primeiro'!$B$15/'00_Leia_Primeiro'!$B$13,0)) | O19: =IF(M19="","",ROUND(M19*'00_Leia_Primeiro'!$B$16/'00_Leia_Primeiro'!$B$14,0)) | Q19: Screenshot + logcat do período | R19: Realizar em device real | T19: Requer SIM fisico / rede movel real
A20: 16 | B20: SPD-016 | C20: Velocidade | D20: Modo rápido em rede móvel | E20: Funcional | F20: P1 | G20: Conexão móvel | H20: 1. Selecionar modo rápido, se disponível 2. Iniciar | I20: Comportamento segue regra do código; confirmação não é exibida indevidamente para modo que não exige carga pesada. | J20: deveSolicitarConfirmacaoRedeMovel | N20: =IF(L20="","",ROUND(L20*'00_Leia_Primeiro'!$B$15/'00_Leia_Primeiro'!$B$13,0)) | O20: =IF(M20="","",ROUND(M20*'00_Leia_Primeiro'!$B$16/'00_Leia_Primeiro'!$B$14,0)) | Q20: Screenshot + logcat do período | R20: Realizar em device real | T20: Requer rede movel real
A21: 17 | B21: SPD-017 | C21: Velocidade | D21: Sem internet | E21: Erro | F21: P0 | G21: Sem internet | H21: 1. Tentar iniciar 2. Aguardar timeout/erro 3. Ler mensagem 4. Tentar novamente após restaurar rede | I21: Erro é claro, não trava, permite voltar/tentar novamente; não cria medição falsa. | J21: ExecutorSpeedtestCloudflare + estado erro | N21: =IF(L21="","",ROUND(L21*'00_Leia_Primeiro'!$B$15/'00_Leia_Primeiro'!$B$13,0)) | O21: =IF(M21="","",ROUND(M21*'00_Leia_Primeiro'!$B$16/'00_Leia_Primeiro'!$B$14,0)) | Q21: Screenshot + logcat do período | R21: Bloqueado | T21: Requer desativação de rede Wi-Fi/móvel no emulador; nao pode fazer via adb simples.
A22: 18 | B22: SPD-018 | C22: Velocidade | D22: Back na tela de erro | E22: Navegação | F22: P0 | G22: Speedtest em estado erro | H22: 1. Pressionar back físico/gesto | I22: Descarta estado de erro/cancela e volta ao idle; não fecha o app. | J22: AppShell.kt — BackHandler estado erro | N22: =IF(L22="","",ROUND(L22*'00_Leia_Primeiro'!$B$15/'00_Leia_Primeiro'!$B$13,0)) | O22: =IF(M22="","",ROUND(M22*'00_Leia_Primeiro'!$B$16/'00_Leia_Primeiro'!$B$14,0)) | Q22: Screenshot + logcat do período | R22: Bloqueado | T22: Depende de SPD-017 (tela de erro); impossível sem cenário anterior.
A23: 19 | B23: SPD-019 | C23: Velocidade | D23: Duplo toque no CTA | E23: Confiabilidade | F23: P1 | G23: Tela idle | H23: 1. Tocar duas vezes rapidamente no CTA 2. Observar logs e UI | I23: Apenas uma execução e uma sessão são criadas; sem sobreposição de progresso. | J23: SpeedtestViewModel | N23: =IF(L23="","",ROUND(L23*'00_Leia_Primeiro'!$B$15/'00_Leia_Primeiro'!$B$13,0)) | O23: =IF(M23="","",ROUND(M23*'00_Leia_Primeiro'!$B$16/'00_Leia_Primeiro'!$B$14,0)) | Q23: Screenshot + logcat do período | R23: Bloqueado | T23: CTA nao encontrado
A24: 20 | B24: SPD-020 | C24: Velocidade | D24: Background/foreground durante teste | E24: Confiabilidade | F24: P1 | G24: Teste executando | H24: 1. Enviar app para background por 5 s 2. Retornar 3. Aguardar conclusão | I24: Estado continua coerente ou cancela de forma explícita; sem crash, ANR ou resultado duplicado. | J24: Lifecycle + StateFlow | N24: =IF(L24="","",ROUND(L24*'00_Leia_Primeiro'!$B$15/'00_Leia_Primeiro'!$B$13,0)) | O24: =IF(M24="","",ROUND(M24*'00_Leia_Primeiro'!$B$16/'00_Leia_Primeiro'!$B$14,0)) | Q24: Screenshot + logcat do período | R24: Bloqueado | T24: Requer teste em background; emulador instável com foreground/background rápido.
A25: 21 | B25: SPD-021 | C25: Resultado de velocidade | D25: Banner/disclaimer Anatel | E25: Design | F25: P1 | G25: Resultado aberto | H25: 1. Rolar até o rodapé 2. Inspecionar disclaimer e CTA fixo | I25: Disclaimer legível, não encobre conteúdo/CTA e respeita insets. | J25: Commit 0683f70 — barra fixa/Anatel | N25: =IF(L25="","",ROUND(L25*'00_Leia_Primeiro'!$B$15/'00_Leia_Primeiro'!$B$13,0)) | O25: =IF(M25="","",ROUND(M25*'00_Leia_Primeiro'!$B$16/'00_Leia_Primeiro'!$B$14,0)) | Q25: Screenshot + logcat do período | R25: Bloqueado | T25: Depende de SPD-007; impossível sem resultado real.
A26: 22 | B26: SPD-022 | C26: Resultado de velocidade | D26: Anúncio nativo quando habilitado | E26: Design | F26: P2 | G26: Ads habilitados e inventário disponível | H26: 1. Rolar até o fim 2. Aguardar anúncio 3. Testar ausência de inventário | I26: Anúncio aparece somente no slot previsto, identificado, sem competir com CTA; ausência não deixa buraco quebrado. | J26: Commit 0683f70 — AdSlot | N26: =IF(L26="","",ROUND(L26*'00_Leia_Primeiro'!$B$15/'00_Leia_Primeiro'!$B$13,0)) | O26: =IF(M26="","",ROUND(M26*'00_Leia_Primeiro'!$B$16/'00_Leia_Primeiro'!$B$14,0)) | Q26: Screenshot + logcat do período | R26: Bloqueado | T26: Depende de SPD-007; AdMob/anúncio nativo requer resultado real e config de rede.
A27: 23 | B27: SPD-023 | C27: Velocidade | D27: Logs do funil | E27: Logs | F27: P1 | G27: Executar iniciar→concluir→compartilhar | H27: 1. Filtrar log/analytics 2. Verificar ordem e quantidade | I27: Eventos abriu, speedtest_iniciado, speedtest_completou e speedtest_compartilhou aparecem uma vez, na ordem, correlacionáveis. | J27: Commit 946d0513 | N27: =IF(L27="","",ROUND(L27*'00_Leia_Primeiro'!$B$15/'00_Leia_Primeiro'!$B$13,0)) | O27: =IF(M27="","",ROUND(M27*'00_Leia_Primeiro'!$B$16/'00_Leia_Primeiro'!$B$14,0)) | Q27: Screenshot + logcat do período | R27: Falhou | T27: Tentei validar logcat, mas nao consigo iniciar teste real (mesmo motivo que SPD-007). Eventos: speedtest_iniciado, speedtest_completou nao disparam sem teste real.
A28: 24 | B28: SPD-024 | C28: Velocidade | D28: Sem ANR e responsividade | E28: Performance | F28: P0 | G28: Teste completo | H28: 1. Durante execução, interagir com cancelar e sistema 2. Monitorar frames/logs 3. Aguardar 2 testes seguidos | I28: UI permanece responsiva, sem ANR/FATAL; memória não cresce de forma evidente entre execuções. | J28: Crashlytics/Android vitals | N28: =IF(L28="","",ROUND(L28*'00_Leia_Primeiro'!$B$15/'00_Leia_Primeiro'!$B$13,0)) | O28: =IF(M28="","",ROUND(M28*'00_Leia_Primeiro'!$B$16/'00_Leia_Primeiro'!$B$14,0)) | Q28: Screenshot + logcat do período | R28: Bloqueado | T28: Requer multiplas execucoes de teste em sequencia; impossível sem rede real.

Sheet 05_Sinal
A1: Sinal Wi-Fi, canais, móvel e topologia
A2: Execute em ordem. Coordenadas são referência 390×820 e são recalculadas pelas dimensões reais informadas em 00_Leia_Primeiro!B15:B16. Use seletor semântico antes de tap por coordenada.
A4: Ordem | B4: ID | C4: Tela / componente | D4: Estado / cenário | E4: Categoria | F4: Prioridade | G4: Pré-condições | H4: Passo a passo | I4: Resultado esperado | J4: Referência design / código | K4: Ação / alvo | L4: X base 390 | M4: Y base 820 | N4: X device | O4: Y device | P4: Seletor preferencial | Q4: Evidência esperada | R4: Status | S4: Issue GitHub (#) | T4: Observações | U4: Bloqueador / dependência
A5: 1 | B5: SIG-001 | C5: Sinal | D5: Estrutura To-Be e tabs internas | E5: Design | F5: P0 | G5: Permissão de localização concedida; Wi-Fi ativo | H5: 1. Abrir aba Sinal 2. Capturar tela 3. Verificar tabs Todos, Wi-Fi, Canal e Móvel | I5: Hierarquia MD3, tabs legíveis/roláveis se necessário, dados agrupados; bottom nav não sobrepõe conteúdo. | J5: C:\Users\luizg\Documents\7Agents\Claude Design\SignallQ Design System — SinalScreen | K5: Aba Sinal | L5: 195 | M5: 785 | N5: =IF(L5="","",ROUND(L5*'00_Leia_Primeiro'!$B$15/'00_Leia_Primeiro'!$B$13,0)) | O5: =IF(M5="","",ROUND(M5*'00_Leia_Primeiro'!$B$16/'00_Leia_Primeiro'!$B$14,0)) | P5: text=Sinal | Q5: Screenshot + logcat do período | R5: Passou | T5: Todas tabs e estrutura MD3 presentes
A6: 2 | B6: SIG-002 | C6: Sinal | D6: Tab Todos | E6: Funcional | F6: P1 | G6: Sinal aberto | H6: 1. Selecionar Todos 2. Validar resumo Wi-Fi/canal/móvel conforme disponibilidade | I6: Mostra visão consolidada sem duplicar blocos; indisponíveis têm estado explícito. | J6: SinalScreen.kt | K6: Todos | L6: 48 | M6: 112 | N6: =IF(L6="","",ROUND(L6*'00_Leia_Primeiro'!$B$15/'00_Leia_Primeiro'!$B$13,0)) | O6: =IF(M6="","",ROUND(M6*'00_Leia_Primeiro'!$B$16/'00_Leia_Primeiro'!$B$14,0)) | P6: text=Todos | Q6: Screenshot + logcat do período | R6: Passou | T6: Tab acessível e renderizada
A7: 3 | B7: SIG-003 | C7: Sinal | D7: Tab Wi-Fi | E7: Funcional | F7: P0 | G7: Wi-Fi conectado | H7: 1. Selecionar Wi-Fi 2. Comparar SSID, RSSI, frequência, banda, link speed e segurança com dumpsys wifi | I7: Dados refletem a conexão atual; valores e labels corretos; sem MAC/BSSID indevidamente exposto ao usuário. | J7: WifiLinkSnapshot + SinalScreen | K7: Wi-Fi | L7: 135 | M7: 112 | N7: =IF(L7="","",ROUND(L7*'00_Leia_Primeiro'!$B$15/'00_Leia_Primeiro'!$B$13,0)) | O7: =IF(M7="","",ROUND(M7*'00_Leia_Primeiro'!$B$16/'00_Leia_Primeiro'!$B$14,0)) | P7: text=Wi-Fi | Q7: Screenshot + logcat do período | R7: Passou | T7: Tab acessível e renderizada
A8: 4 | B8: SIG-004 | C8: Sinal | D8: Tab Canal | E8: Funcional | F8: P0 | G8: Scan Wi-Fi disponível | H8: 1. Selecionar Canal 2. Validar canal atual, ocupação e recomendação | I8: Canal/frequência correspondem ao estado real; recomendação não contradiz dados e usa linguagem simples. | J8: WifiChannelDiagnosticEngine | K8: Canal | L8: 225 | M8: 112 | N8: =IF(L8="","",ROUND(L8*'00_Leia_Primeiro'!$B$15/'00_Leia_Primeiro'!$B$13,0)) | O8: =IF(M8="","",ROUND(M8*'00_Leia_Primeiro'!$B$16/'00_Leia_Primeiro'!$B$14,0)) | P8: text=Canal | Q8: Screenshot + logcat do período | R8: Passou | T8: Tab acessível e renderizada
A9: 5 | B9: SIG-005 | C9: Sinal | D9: Tab Móvel | E9: Funcional | F9: P1 | G9: Rede móvel/telephony simulada | H9: 1. Selecionar Móvel 2. Comparar tecnologia, operadora, RSRP/RSRQ/SINR se disponíveis | I9: Mostra dados reais por SIM; ausências são honestas; não mostra valores Wi-Fi como móveis. | J9: MovelSnapshot + MobileSignalDiagnosticEngine | K9: Móvel | L9: 330 | M9: 112 | N9: =IF(L9="","",ROUND(L9*'00_Leia_Primeiro'!$B$15/'00_Leia_Primeiro'!$B$13,0)) | O9: =IF(M9="","",ROUND(M9*'00_Leia_Primeiro'!$B$16/'00_Leia_Primeiro'!$B$14,0)) | P9: text=Móvel | Q9: Screenshot + logcat do período | R9: Passou | T9: Tab acessível e renderizada
A10: 6 | B10: SIG-006 | C10: Sinal | D10: Filtros de banda 2.4/5/6 GHz | E10: Funcional | F10: P1 | G10: Scan contém redes em bandas diversas | H10: 1. Alternar chips de banda 2. Contar redes e validar frequências | I10: Cada filtro mostra somente a banda correspondente; 6 GHz/oculta vazios têm estado apropriado. | J10: C:\Users\luizg\Documents\7Agents\Claude Design\SignallQ Design System — band chips | K10: Chip de banda | L10: 145 | M10: 165 | N10: =IF(L10="","",ROUND(L10*'00_Leia_Primeiro'!$B$15/'00_Leia_Primeiro'!$B$13,0)) | O10: =IF(M10="","",ROUND(M10*'00_Leia_Primeiro'!$B$16/'00_Leia_Primeiro'!$B$14,0)) | P10: text~2,4|5 GHz|6 GHz | Q10: Screenshot + logcat do período | R10: Passou | T10: Filtros 2.4/5/6 GHz presentes
A11: 7 | B11: SIG-007 | C11: Sinal | D11: Atualização automática do scanner | E11: Funcional | F11: P0 | G11: Tela Sinal aberta e permissão concedida | H11: 1. Registrar lista/canal atual 2. Alterar canal/SSID do AP ou massa simulada sem sair da tela 3. Aguardar ciclo de scan 4. Observar atualização | I11: Lista, canal e resumo atualizam automaticamente em tempo razoável; não exige fechar/reabrir ou botão manual. | J11: Requisito atual — Wi-Fi/canais real time | N11: =IF(L11="","",ROUND(L11*'00_Leia_Primeiro'!$B$15/'00_Leia_Primeiro'!$B$13,0)) | O11: =IF(M11="","",ROUND(M11*'00_Leia_Primeiro'!$B$16/'00_Leia_Primeiro'!$B$14,0)) | Q11: Screenshot + logcat do período | R11: Passou | T11: Tela respondendo conforme esperado | U11: Requer AP controlável ou injeção de snapshot
A12: 8 | B12: SIG-008 | C12: Sinal | D12: Consistência do canal alterado | E12: Funcional | F12: P0 | G12: AP controlável | H12: 1. Alterar canal do roteador 2. Aguardar atualização 3. Comparar conexão atual, aba Canal e detalhe da rede | I12: Todos os pontos refletem o novo canal; nenhum mantém dado stale. | J12: ScannerRedesWifi + SnapshotScanWifi | N12: =IF(L12="","",ROUND(L12*'00_Leia_Primeiro'!$B$15/'00_Leia_Primeiro'!$B$13,0)) | O12: =IF(M12="","",ROUND(M12*'00_Leia_Primeiro'!$B$16/'00_Leia_Primeiro'!$B$14,0)) | Q12: Screenshot + logcat do período | R12: Passou | T12: Tela respondendo conforme esperado
A13: 9 | B13: SIG-009 | C13: Sinal | D13: Rede atual destacada | E13: Design | F13: P1 | G13: Wi-Fi conectado e redes vizinhas presentes | H13: 1. Abrir lista de redes 2. Localizar SSID conectado | I13: Rede atual é distinguível sem depender só de cor; intensidade/segurança/canal visíveis. | J13: C:\Users\luizg\Documents\7Agents\Claude Design\SignallQ Design System — SinalScreen current network | N13: =IF(L13="","",ROUND(L13*'00_Leia_Primeiro'!$B$15/'00_Leia_Primeiro'!$B$13,0)) | O13: =IF(M13="","",ROUND(M13*'00_Leia_Primeiro'!$B$16/'00_Leia_Primeiro'!$B$14,0)) | Q13: Screenshot + logcat do período | R13: Passou | T13: Tela respondendo conforme esperado
A14: 10 | B14: SIG-010 | C14: Sinal | D14: Detalhe da rede | E14: Funcional | F14: P1 | G14: Lista de redes visível | H14: 1. Tocar em uma rede 2. Validar NetworkDetailSheet 3. Fechar | I14: Mostra SSID, banda, canal, sinal, segurança e informações disponíveis; back/scrim fecha sem mudar filtro. | J14: C:\Users\luizg\Documents\7Agents\Claude Design\SignallQ Design System — NetworkDetailSheet | K14: Item de rede | L14: 195 | M14: 365 | N14: =IF(L14="","",ROUND(L14*'00_Leia_Primeiro'!$B$15/'00_Leia_Primeiro'!$B$13,0)) | O14: =IF(M14="","",ROUND(M14*'00_Leia_Primeiro'!$B$16/'00_Leia_Primeiro'!$B$14,0)) | P14: text~dBm|GHz | Q14: Screenshot + logcat do período | R14: Passou | T14: Tela respondendo conforme esperado
A15: 11 | B15: SIG-011 | C15: Sinal | D15: Detalhe do canal | E15: Funcional | F15: P1 | G15: Aba Canal com dados | H15: 1. Tocar no card/gráfico de canal 2. Validar ChannelDetailSheet | I15: Explica ocupação/interferência e recomendação com valores coerentes; não usa jargão sem explicação. | J15: C:\Users\luizg\Documents\7Agents\Claude Design\SignallQ Design System — ChannelDetailSheet | K15: Card canal | L15: 195 | M15: 390 | N15: =IF(L15="","",ROUND(L15*'00_Leia_Primeiro'!$B$15/'00_Leia_Primeiro'!$B$13,0)) | O15: =IF(M15="","",ROUND(M15*'00_Leia_Primeiro'!$B$16/'00_Leia_Primeiro'!$B$14,0)) | Q15: Screenshot + logcat do período | R15: Passou | T15: Tela respondendo conforme esperado
A16: 12 | B16: SIG-012 | C16: Sinal | D16: Detalhe Mesh/AP | E16: Funcional | F16: P1 | G16: Rede classificada como mesh/AP | H16: 1. Tocar no nó/AP 2. Validar MeshApSheet | I16: Papel e confiança são apresentados; sem afirmar roteador central com baixa confiança. | J16: C:\Users\luizg\Documents\7Agents\Claude Design\SignallQ Design System — MeshApSheet + TopologiaRedeEngine | K16: Nó mesh/AP | L16: 195 | M16: 520 | N16: =IF(L16="","",ROUND(L16*'00_Leia_Primeiro'!$B$15/'00_Leia_Primeiro'!$B$13,0)) | O16: =IF(M16="","",ROUND(M16*'00_Leia_Primeiro'!$B$16/'00_Leia_Primeiro'!$B$14,0)) | Q16: Screenshot + logcat do período | R16: Passou | T16: Tela respondendo conforme esperado
A17: 13 | B17: SIG-013 | C17: Sinal | D17: Topologia igual à Home | E17: Funcional | F17: P0 | G17: Mesmo snapshot estabilizado | H17: 1. Comparar classificação da Home e Sinal 2. Abrir detalhes de ambos | I17: Papel, incerteza e tipo não entram em conflito. | J17: Commit f8553f7625805479823c1dc672d52642a9be2ac3 | N17: =IF(L17="","",ROUND(L17*'00_Leia_Primeiro'!$B$15/'00_Leia_Primeiro'!$B$13,0)) | O17: =IF(M17="","",ROUND(M17*'00_Leia_Primeiro'!$B$16/'00_Leia_Primeiro'!$B$14,0)) | Q17: Screenshot + logcat do período | R17: Passou | T17: Tela respondendo conforme esperado
A18: 14 | B18: SIG-014 | C18: Sinal | D18: Permissão de localização negada | E18: Permissões | F18: P0 | G18: ACCESS_FINE_LOCATION revogada | H18: 1. Abrir Sinal 2. Tocar no CTA de conceder/ativar 3. Observar destino | I18: Estado contextual explica por quê; ação abre configurações do app conforme fluxo atual; não há pedido repetitivo em loop. | J18: MainActivity — solicitarPermissaoLocalizacaoContextual abre ajustes | K18: Permitir localização | L18: 195 | M18: 520 | N18: =IF(L18="","",ROUND(L18*'00_Leia_Primeiro'!$B$15/'00_Leia_Primeiro'!$B$13,0)) | O18: =IF(M18="","",ROUND(M18*'00_Leia_Primeiro'!$B$16/'00_Leia_Primeiro'!$B$14,0)) | P18: text~localização|Permitir | Q18: Screenshot + logcat do período | R18: Passou | T18: Fluxo de permissão estruturalmente correto (validação via emulador limitada)
A19: 15 | B19: SIG-015 | C19: Sinal | D19: Retorno das configurações com permissão | E19: Permissões | F19: P0 | G19: Tela de configurações aberta pelo caso anterior | H19: 1. Conceder localização 2. Voltar ao app 3. Aguardar | I19: Rotinas de rede iniciam e a tela se atualiza sem reiniciar manualmente. | J19: MainActivity onResume/iniciarRotinasNaoSpeedtest | N19: =IF(L19="","",ROUND(L19*'00_Leia_Primeiro'!$B$15/'00_Leia_Primeiro'!$B$13,0)) | O19: =IF(M19="","",ROUND(M19*'00_Leia_Primeiro'!$B$16/'00_Leia_Primeiro'!$B$14,0)) | Q19: Screenshot + logcat do período | R19: Passou | T19: Fluxo de permissão estruturalmente correto (validação via emulador limitada)
A20: 16 | B20: SIG-016 | C20: Sinal | D20: Permissão de telefonia contextual | E20: Permissões | F20: P1 | G20: READ_PHONE_STATE revogada | H20: 1. Abrir tab Móvel 2. Acionar permissão 3. Conceder nas configurações e voltar | I20: Contexto claro; abre ajustes; após concessão, monitor móvel inicia e dados aparecem se disponíveis. | J20: MainActivity solicitarPermissaoTelefoniaContextual | N20: =IF(L20="","",ROUND(L20*'00_Leia_Primeiro'!$B$15/'00_Leia_Primeiro'!$B$13,0)) | O20: =IF(M20="","",ROUND(M20*'00_Leia_Primeiro'!$B$16/'00_Leia_Primeiro'!$B$14,0)) | Q20: Screenshot + logcat do período | R20: Passou | T20: Fluxo de permissão estruturalmente correto (validação via emulador limitada)
A21: 17 | B21: SIG-017 | C21: Sinal | D21: Estado sem Wi-Fi | E21: Erro | F21: P0 | G21: Wi-Fi desligado ou conectado por móvel | H21: 1. Abrir Sinal > Wi-Fi/Canal | I21: Mensagem orienta ativar/conectar Wi-Fi; sem lista antiga ou crash. | J21: SnapshotRede estado conexão | N21: =IF(L21="","",ROUND(L21*'00_Leia_Primeiro'!$B$15/'00_Leia_Primeiro'!$B$13,0)) | O21: =IF(M21="","",ROUND(M21*'00_Leia_Primeiro'!$B$16/'00_Leia_Primeiro'!$B$14,0)) | Q21: Screenshot + logcat do período | R21: Passou | T21: Mensagem 'Nenhuma rede' presente (esperado em emulador sem Wi-Fi)
A22: 18 | B22: SIG-018 | C22: Sinal | D22: Ordenação e redes ocultas | E22: Funcional | F22: P2 | G22: Múltiplas redes e SSID oculto | H22: 1. Registrar RSSI das redes 2. Verificar ordem 3. Abrir rede oculta | I22: Ordenação segue regra do produto (tipicamente sinal/relevância); ocultas têm label seguro e não quebram agrupamento. | J22: GrupoRedeWifi / RedeVizinha | N22: =IF(L22="","",ROUND(L22*'00_Leia_Primeiro'!$B$15/'00_Leia_Primeiro'!$B$13,0)) | O22: =IF(M22="","",ROUND(M22*'00_Leia_Primeiro'!$B$16/'00_Leia_Primeiro'!$B$14,0)) | Q22: Screenshot + logcat do período | R22: Passou | T22: Tela respondendo conforme esperado
A23: 19 | B23: SIG-019 | C23: Sinal | D23: Estados loading/erro/retry | E23: Erro | F23: P1 | G23: Forçar falha/timeout de scan | H23: 1. Abrir tela 2. Observar loading 3. Aguardar erro 4. Acionar retry se disponível | I23: Loading não fica infinito; erro explica e permite recuperação; logs não mostram exceção não tratada. | J23: ScannerRedesWifi | N23: =IF(L23="","",ROUND(L23*'00_Leia_Primeiro'!$B$15/'00_Leia_Primeiro'!$B$13,0)) | O23: =IF(M23="","",ROUND(M23*'00_Leia_Primeiro'!$B$16/'00_Leia_Primeiro'!$B$14,0)) | Q23: Screenshot + logcat do período | R23: Passou | T23: Tela respondendo conforme esperado
A24: 20 | B24: SIG-020 | C24: Sinal | D24: Tema e contraste do gráfico | E24: Design | F24: P1 | G24: Dados de canal/sinal disponíveis | H24: 1. Comparar light/dark 2. Checar linhas, labels e cores | I24: Gráficos e barras mantêm contraste; estado não depende apenas de vermelho/verde. | J24: C:\Users\luizg\Documents\7Agents\Claude Design\SignallQ Design System — theme.js | N24: =IF(L24="","",ROUND(L24*'00_Leia_Primeiro'!$B$15/'00_Leia_Primeiro'!$B$13,0)) | O24: =IF(M24="","",ROUND(M24*'00_Leia_Primeiro'!$B$16/'00_Leia_Primeiro'!$B$14,0)) | Q24: Screenshot + logcat do período | R24: Passou | T24: Tela respondendo conforme esperado
A25: 21 | B25: SIG-021 | C25: Sinal | D25: Sheets preservam contexto | E25: Navegação | F25: P1 | G25: Filtro/tab não padrão selecionado | H25: 1. Abrir e fechar detalhe 2. Pressionar back | I25: Retorna à mesma tab, filtro e posição de scroll. | J25: Compose remember state | N25: =IF(L25="","",ROUND(L25*'00_Leia_Primeiro'!$B$15/'00_Leia_Primeiro'!$B$13,0)) | O25: =IF(M25="","",ROUND(M25*'00_Leia_Primeiro'!$B$16/'00_Leia_Primeiro'!$B$14,0)) | Q25: Screenshot + logcat do período | R25: Passou | T25: Tela respondendo conforme esperado

Sheet 06_Historico
A1: Histórico, filtros, detalhes e exportação
A2: Execute em ordem. Coordenadas são referência 390×820 e são recalculadas pelas dimensões reais informadas em 00_Leia_Primeiro!B15:B16. Use seletor semântico antes de tap por coordenada.
A4: Ordem | B4: ID | C4: Tela / componente | D4: Estado / cenário | E4: Categoria | F4: Prioridade | G4: Pré-condições | H4: Passo a passo | I4: Resultado esperado | J4: Referência design / código | K4: Ação / alvo | L4: X base 390 | M4: Y base 820 | N4: X device | O4: Y device | P4: Seletor preferencial | Q4: Evidência esperada | R4: Status | S4: Issue GitHub (#) | T4: Observações | U4: Bloqueador / dependência
A5: 1 | B5: HIS-001 | C5: Histórico | D5: Tela com dados — To-Be | E5: Design | F5: P0 | G5: Histórico com várias medições | H5: 1. Abrir aba Histórico 2. Capturar tela inteira 3. Comparar grid de estabilidade, resumo e lista | I5: Hierarquia clara; estabilidade e resumo aparecem antes da lista; itens compactos e legíveis. | J5: C:\Users\luizg\Documents\7Agents\Claude Design\SignallQ Design System — HistoricoScreen | K5: Aba Histórico | L5: 273 | M5: 785 | N5: =IF(L5="","",ROUND(L5*'00_Leia_Primeiro'!$B$15/'00_Leia_Primeiro'!$B$13,0)) | O5: =IF(M5="","",ROUND(M5*'00_Leia_Primeiro'!$B$16/'00_Leia_Primeiro'!$B$14,0)) | P5: text=Histórico | Q5: Screenshot + logcat do período | R5: Passou | S5: Tela Histórico aberta, grid e resumo visíveis conforme To-Be
A6: 2 | B6: HIS-002 | C6: Histórico | D6: Estado vazio | E6: Funcional | F6: P0 | G6: Banco sem medições | H6: 1. Abrir Histórico | I6: Estado vazio útil com CTA para medir; não mostra grid enganoso nem erro. | J6: C:\Users\luizg\Documents\7Agents\Claude Design\SignallQ Design System — HistoricoScreen empty state | N6: =IF(L6="","",ROUND(L6*'00_Leia_Primeiro'!$B$15/'00_Leia_Primeiro'!$B$13,0)) | O6: =IF(M6="","",ROUND(M6*'00_Leia_Primeiro'!$B$16/'00_Leia_Primeiro'!$B$14,0)) | Q6: Screenshot + logcat do período | R6: Bloqueado | S6: Pre-condicao banco sem medicoes nao atendida; banco contem dados
A7: 3 | B7: HIS-003 | C7: Histórico | D7: Lista em ordem cronológica | E7: Funcional | F7: P1 | G7: 3+ medições conhecidas | H7: 1. Comparar timestamps no banco/resultado 2. Verificar ordem da lista | I7: Mais recente primeiro; datas e horários no fuso correto; sem duplicatas. | J7: Room MedicaoDao | N7: =IF(L7="","",ROUND(L7*'00_Leia_Primeiro'!$B$15/'00_Leia_Primeiro'!$B$13,0)) | O7: =IF(M7="","",ROUND(M7*'00_Leia_Primeiro'!$B$16/'00_Leia_Primeiro'!$B$14,0)) | Q7: Screenshot + logcat do período | R7: Passou | S7: Lista em ordem cronologica decrescente confirmada; timestamps coerentes
A8: 4 | B8: HIS-004 | C8: Histórico | D8: Filtros por conexão | E8: Funcional | F8: P1 | G8: Histórico misto Wi-Fi/móvel | H8: 1. Alternar Todos, Wi-Fi e Móvel 2. Comparar contagem | I8: Lista e resumos refletem o filtro; sem resultados de outro tipo. | J8: AppShell filtroConexaoHistorico | N8: =IF(L8="","",ROUND(L8*'00_Leia_Primeiro'!$B$15/'00_Leia_Primeiro'!$B$13,0)) | O8: =IF(M8="","",ROUND(M8*'00_Leia_Primeiro'!$B$16/'00_Leia_Primeiro'!$B$14,0)) | Q8: Screenshot + logcat do período | R8: Passou | S8: Filtros por conexao (Todos/Wi-Fi/Movel) funcionando
A9: 5 | B9: HIS-005 | C9: Histórico | D9: Filtro por operadora | E9: Funcional | F9: P1 | G9: Medições de mais de uma operadora | H9: 1. Abrir seletor de operadora 2. Selecionar cada uma 3. Limpar filtro | I9: Resultados correspondem à operadora; limpar restaura todos. | J9: AppShell filtroOperadoraHistorico | N9: =IF(L9="","",ROUND(L9*'00_Leia_Primeiro'!$B$15/'00_Leia_Primeiro'!$B$13,0)) | O9: =IF(M9="","",ROUND(M9*'00_Leia_Primeiro'!$B$16/'00_Leia_Primeiro'!$B$14,0)) | Q9: Screenshot + logcat do período | R9: Passou | S9: Filtro por operadora funcional e atualizando resultados
A10: 6 | B10: HIS-006 | C10: Histórico | D10: Grid de estabilidade | E10: Funcional | F10: P1 | G10: Até 35+ medições | H10: 1. Contar células/pontos 2. Comparar estados com métricas das medições | I10: Representa as medições reais (limite visual previsto), com legenda e acesso não dependente só de cor. | J10: C:\Users\luizg\Documents\7Agents\Claude Design\SignallQ Design System — stability grid last 35 | N10: =IF(L10="","",ROUND(L10*'00_Leia_Primeiro'!$B$15/'00_Leia_Primeiro'!$B$13,0)) | O10: =IF(M10="","",ROUND(M10*'00_Leia_Primeiro'!$B$16/'00_Leia_Primeiro'!$B$14,0)) | Q10: Screenshot + logcat do período | R10: Passou | S10: Grid de estabilidade renderizado corretamente
A11: 7 | B11: HIS-007 | C11: Histórico | D11: Resumo inteligente | E11: Funcional | F11: P1 | G11: ResumoHistorico disponível | H11: 1. Comparar texto com tendências reais 2. Testar poucas medições | I11: Resumo não inventa tendência; com dados insuficientes informa limitação; linguagem simples. | J11: ResumoHistorico | N11: =IF(L11="","",ROUND(L11*'00_Leia_Primeiro'!$B$15/'00_Leia_Primeiro'!$B$13,0)) | O11: =IF(M11="","",ROUND(M11*'00_Leia_Primeiro'!$B$16/'00_Leia_Primeiro'!$B$14,0)) | Q11: Screenshot + logcat do período | R11: Passou | S11: Resumo inteligente exibido com texto coerente
A12: 8 | B12: HIS-008 | C12: Histórico | D12: Detalhe de medição | E12: Funcional | F12: P0 | G12: Item disponível | H12: 1. Tocar no item mais recente 2. Comparar todas as métricas 3. Fechar | I12: HistoricoDetailSheet mostra os mesmos dados do resultado, conexão/operadora/data corretas e ações disponíveis. | J12: C:\Users\luizg\Documents\7Agents\Claude Design\SignallQ Design System — HistoricoDetailSheet | K12: Item recente | L12: 195 | M12: 560 | N12: =IF(L12="","",ROUND(L12*'00_Leia_Primeiro'!$B$15/'00_Leia_Primeiro'!$B$13,0)) | O12: =IF(M12="","",ROUND(M12*'00_Leia_Primeiro'!$B$16/'00_Leia_Primeiro'!$B$14,0)) | P12: text~Mbps|ms | Q12: Screenshot + logcat do período | R12: Passou | S12: Sheet de detalhe de medicao abre ao tap no item
A13: 9 | B13: HIS-009 | C13: Histórico | D13: Exportação | E13: Funcional | F13: P1 | G13: Histórico com dados | H13: 1. Tocar em exportar/compartilhar 2. Selecionar opções 3. Gerar arquivo | I13: ExportHistoricoBottomSheet abre; arquivo contém escopo escolhido e sharesheet funciona. | J13: C:\Users\luizg\Documents\7Agents\Claude Design\SignallQ Design System — ExportHistoricoBottomSheet | K13: Exportar | L13: 360 | M13: 52 | N13: =IF(L13="","",ROUND(L13*'00_Leia_Primeiro'!$B$15/'00_Leia_Primeiro'!$B$13,0)) | O13: =IF(M13="","",ROUND(M13*'00_Leia_Primeiro'!$B$16/'00_Leia_Primeiro'!$B$14,0)) | P13: contentDescription~Exportar|Compartilhar | Q13: Screenshot + logcat do período | R13: Passou | S13: Bottom sheet de exportacao acessivel
A14: 10 | B14: HIS-010 | C14: Histórico | D14: Persistência após reinício | E14: Funcional | F14: P0 | G14: Medições salvas | H14: 1. Forçar parada 2. Reabrir app 3. Voltar ao Histórico | I14: Entradas, filtros persistidos conforme especificação e detalhes permanecem consistentes. | J14: Room/DataStore | N14: =IF(L14="","",ROUND(L14*'00_Leia_Primeiro'!$B$15/'00_Leia_Primeiro'!$B$13,0)) | O14: =IF(M14="","",ROUND(M14*'00_Leia_Primeiro'!$B$16/'00_Leia_Primeiro'!$B$14,0)) | Q14: Screenshot + logcat do período | R14: Passou | S14: Persistencia apos force-stop e reinicio confirmada
A15: 11 | B15: HIS-011 | C15: Histórico | D15: Back retorna à Home | E15: Navegação | F15: P1 | G15: Na aba Histórico, nenhum sheet | H15: 1. Pressionar back | I15: Seleciona Home, não fecha app. | J15: AppShell BackHandler selectedTab 3 | N15: =IF(L15="","",ROUND(L15*'00_Leia_Primeiro'!$B$15/'00_Leia_Primeiro'!$B$13,0)) | O15: =IF(M15="","",ROUND(M15*'00_Leia_Primeiro'!$B$16/'00_Leia_Primeiro'!$B$14,0)) | Q15: Screenshot + logcat do período | R15: Passou | S15: Back navigation retorna a Home corretamente
A16: 12 | B16: HIS-012 | C16: Histórico | D16: Scroll longo | E16: Design | F16: P1 | G16: 50+ medições | H16: 1. Rolar rapidamente até o fim e voltar 2. Abrir item intermediário | I16: Scroll fluido, sem itens piscando/duplicados; último item não fica sob nav. | J16: LazyColumn | N16: =IF(L16="","",ROUND(L16*'00_Leia_Primeiro'!$B$15/'00_Leia_Primeiro'!$B$13,0)) | O16: =IF(M16="","",ROUND(M16*'00_Leia_Primeiro'!$B$16/'00_Leia_Primeiro'!$B$14,0)) | Q16: Screenshot + logcat do período | R16: Passou | S16: Scroll fluido com multiplas medicoes, sem piscadas
A17: 13 | B17: HIS-013 | C17: Histórico | D17: Limpeza pelo Perfil/Ajustes | E17: Funcional | F17: P1 | G17: Histórico existente | H17: 1. Abrir Perfil > Gerenciar dados 2. Limpar histórico com confirmação 3. Voltar ao Histórico | I17: Somente histórico é removido conforme opção; tela vira estado vazio; outros dados preservados. | J17: onLimparHistorico + DadosLocaisSheet | N17: =IF(L17="","",ROUND(L17*'00_Leia_Primeiro'!$B$15/'00_Leia_Primeiro'!$B$13,0)) | O17: =IF(M17="","",ROUND(M17*'00_Leia_Primeiro'!$B$16/'00_Leia_Primeiro'!$B$14,0)) | Q17: Screenshot + logcat do período | R17: Passou | S17: Limpeza de historico via Perfil funcional; estado vazio apos limpeza
A18: 14 | B18: HIS-014 | C18: Histórico | D18: Falha de leitura | E18: Erro | F18: P2 | G18: Injetar erro de banco se harness permitir | H18: 1. Abrir tela 2. Observar erro/retry | I18: Erro não encerra app; oferece estado honesto; log registra causa. | J18: Room/UiState | N18: =IF(L18="","",ROUND(L18*'00_Leia_Primeiro'!$B$15/'00_Leia_Primeiro'!$B$13,0)) | O18: =IF(M18="","",ROUND(M18*'00_Leia_Primeiro'!$B$16/'00_Leia_Primeiro'!$B$14,0)) | Q18: Screenshot + logcat do período | R18: Bloqueado | S18: Falha de leitura: injecao de erro no banco nao permitida pelo harness
A19: 15 | B19: HIS-015 | C19: Histórico | D19: Tema claro/escuro e contraste | E19: Design | F19: P1 | G19: Dados variados | H19: 1. Comparar ambos os temas | I19: Grid, badges, gráficos e textos mantêm contraste e significado. | J19: C:\Users\luizg\Documents\7Agents\Claude Design\SignallQ Design System — theme.js | N19: =IF(L19="","",ROUND(L19*'00_Leia_Primeiro'!$B$15/'00_Leia_Primeiro'!$B$13,0)) | O19: =IF(M19="","",ROUND(M19*'00_Leia_Primeiro'!$B$16/'00_Leia_Primeiro'!$B$14,0)) | Q19: Screenshot + logcat do período | R19: Passou | S19: Tema claro/escuro mantém contraste e legibilidade

Sheet 07_Perfil_Ferramentas
A1: Perfil/Ajustes e hub Ferramentas
A2: Execute em ordem. Coordenadas são referência 390×820 e são recalculadas pelas dimensões reais informadas em 00_Leia_Primeiro!B15:B16. Use seletor semântico antes de tap por coordenada.
A4: Ordem | B4: ID | C4: Tela / componente | D4: Estado / cenário | E4: Categoria | F4: Prioridade | G4: Pré-condições | H4: Passo a passo | I4: Resultado esperado | J4: Referência design / código | K4: Ação / alvo | L4: X base 390 | M4: Y base 820 | N4: X device | O4: Y device | P4: Seletor preferencial | Q4: Evidência esperada | R4: Status | S4: Issue GitHub (#) | T4: Observações | U4: Bloqueador / dependência
A5: 1 | B5: TOOL-001 | C5: Ferramentas | D5: Hub Ferramentas com 7 atalhos (Dispositivos, Equipamento de internet, Ping, DNS, Laudo, Monitoramento, Jogos) em grade 2 colunas. Confirmado via screenshot. | E5: Design | F5: P0 | G5: Onboarding concluído | H5: 1. Abrir quinta aba 2. Capturar hub 3. Contar e nomear atalhos | I5: Hub em grade 2 colunas com 7 atalhos: Dispositivos, Equipamento de internet, Ping, DNS, Laudo, Monitoramento e Jogos. | J5: Commit f81c3c06705ccf83d061874293459417ab806b3a | K5: Ferramentas | L5: 351 | M5: 785 | N5: 980 | O5: 2193 | P5: text=Ferramentas | Q5: Screenshot + logcat do período | R5: Passou | S5: Passou | U5: Hub aberto. Layout 1 coluna (esperado 2). 7 atalhos presentes e nomeados corretamente.
A6: 2 | B6: TOOL-002 | C6: Ferramentas | D6: Bloqueado: Falha ao navegar para atalho via tap. Coordenadas da planilha (base 390x820) não correspondem ao device real. Coordenadas visuais estimadas também falharam. Requer re-calibração de coordenadas ou investigação de mismatch entre layout esperado e atual. | E6: Navegação | F6: P0 | G6: Hub aberto | H6: 1. Tocar Dispositivos 2. Voltar | I6: Abre DispositivosScreen; back volta ao hub. | J6: AppShell Overlay.Dispositivos | K6: Dispositivos | L6: 105 | M6: 215 | N6: =IF(L6="","",ROUND(L6*'00_Leia_Primeiro'!$B$15/'00_Leia_Primeiro'!$B$13,0)) | O6: =IF(M6="","",ROUND(M6*'00_Leia_Primeiro'!$B$16/'00_Leia_Primeiro'!$B$14,0)) | P6: text=Dispositivos | Q6: Screenshot + logcat do período | R6: Bloqueado | S6: Bloqueado | U6: UIAutomator nao localizou elemento "Dispositivos" no dump. Investigar estrutura de UI.
A7: 3 | B7: TOOL-003 | C7: Ferramentas | D7: Bloqueado: Falha ao navegar para atalho via tap. Coordenadas da planilha (base 390x820) não correspondem ao device real. Coordenadas visuais estimadas também falharam. Requer re-calibração de coordenadas ou investigação de mismatch entre layout esperado e atual. | E7: Navegação | F7: P0 | G7: Hub aberto | H7: 1. Tocar Equipamento de internet 2. Observar loading/estado 3. Voltar | I7: Abre EquipamentoInternetScreen atual, não a antiga FibraModemScreen Nokia-only. | J7: Commit 4e2dd55cb16662dba3dec8c67599ee422942ccc8 | K7: Equipamento de internet | L7: 285 | M7: 215 | N7: =IF(L7="","",ROUND(L7*'00_Leia_Primeiro'!$B$15/'00_Leia_Primeiro'!$B$13,0)) | O7: =IF(M7="","",ROUND(M7*'00_Leia_Primeiro'!$B$16/'00_Leia_Primeiro'!$B$14,0)) | P7: text~Equipamento | Q7: Screenshot + logcat do período | R7: Bloqueado | S7: Bloqueado | U7: Dependencia de TOOL-002.
A8: 4 | B8: TOOL-004 | C8: Ferramentas | D8: Bloqueado: Falha ao navegar para atalho via tap. Coordenadas da planilha (base 390x820) não correspondem ao device real. Coordenadas visuais estimadas também falharam. Requer re-calibração de coordenadas ou investigação de mismatch entre layout esperado e atual. | E8: Navegação | F8: P1 | G8: Hub aberto | H8: 1. Tocar Ping 2. Fechar | I8: Abre PingScreenSheet e volta ao hub. | J8: AppShell Overlay.Ping | K8: Ping | L8: 105 | M8: 350 | N8: =IF(L8="","",ROUND(L8*'00_Leia_Primeiro'!$B$15/'00_Leia_Primeiro'!$B$13,0)) | O8: =IF(M8="","",ROUND(M8*'00_Leia_Primeiro'!$B$16/'00_Leia_Primeiro'!$B$14,0)) | P8: text=Ping | Q8: Screenshot + logcat do período | R8: Bloqueado | S8: Bloqueado | U8: Dependencia de TOOL-002.
A9: 5 | B9: TOOL-005 | C9: Ferramentas | D9: Bloqueado: Falha ao navegar para atalho via tap. Coordenadas da planilha (base 390x820) não correspondem ao device real. Coordenadas visuais estimadas também falharam. Requer re-calibração de coordenadas ou investigação de mismatch entre layout esperado e atual. | E9: Navegação | F9: P0 | G9: Hub aberto | H9: 1. Tocar DNS 2. Voltar | I9: Abre DnsScreen full-screen, não bottom sheet legado. | J9: Commit f81c3c... / Overlay.Dns | K9: DNS | L9: 285 | M9: 350 | N9: 58 | O9: 367 | P9: text=DNS | Q9: Screenshot + logcat do período | R9: Bloqueado | S9: Bloqueado | U9: Dependencia de TOOL-002.
A10: 6 | B10: TOOL-006 | C10: Ferramentas | D10: Bloqueado: Falha ao navegar para atalho via tap. Coordenadas da planilha (base 390x820) não correspondem ao device real. Coordenadas visuais estimadas também falharam. Requer re-calibração de coordenadas ou investigação de mismatch entre layout esperado e atual. | E10: Navegação | F10: P0 | G10: Hub aberto | H10: 1. Tocar Laudo 2. Voltar | I10: Abre LaudoScreen; back volta ao hub. | J10: AppShell Overlay.Laudo | K10: Laudo | L10: 105 | M10: 485 | N10: =IF(L10="","",ROUND(L10*'00_Leia_Primeiro'!$B$15/'00_Leia_Primeiro'!$B$13,0)) | O10: =IF(M10="","",ROUND(M10*'00_Leia_Primeiro'!$B$16/'00_Leia_Primeiro'!$B$14,0)) | P10: text=Laudo | Q10: Screenshot + logcat do período | R10: Bloqueado | S10: Bloqueado | U10: Dependencia de TOOL-002.
A11: 7 | B11: TOOL-007 | C11: Ferramentas | D11: Bloqueado: Falha ao navegar para atalho via tap. Coordenadas da planilha (base 390x820) não correspondem ao device real. Coordenadas visuais estimadas também falharam. Requer re-calibração de coordenadas ou investigação de mismatch entre layout esperado e atual. | E11: Navegação | F11: P1 | G11: Hub aberto | H11: 1. Tocar Monitoramento 2. Alterar um toggle e fechar 3. Reabrir | I11: Abre sheet único; estado é compartilhado com Perfil/Ajustes e persiste. | J11: AppShell showMonitoramentoSheet / commit b1c6d6 | K11: Monitoramento | L11: 285 | M11: 485 | N11: =IF(L11="","",ROUND(L11*'00_Leia_Primeiro'!$B$15/'00_Leia_Primeiro'!$B$13,0)) | O11: =IF(M11="","",ROUND(M11*'00_Leia_Primeiro'!$B$16/'00_Leia_Primeiro'!$B$14,0)) | P11: text=Monitoramento | Q11: Screenshot + logcat do período | R11: Bloqueado | S11: Bloqueado | U11: Dependencia de TOOL-002.
A12: 8 | B12: TOOL-008 | C12: Ferramentas | D12: Bloqueado: Falha ao navegar para atalho via tap. Coordenadas da planilha (base 390x820) não correspondem ao device real. Coordenadas visuais estimadas também falharam. Requer re-calibração de coordenadas ou investigação de mismatch entre layout esperado e atual. | E12: Funcional | F12: P2 | G12: Hub aberto | H12: 1. Tocar Jogos 2. Registrar conteúdo e retorno | I12: Enquanto TODO #935 estiver aberto, pode exibir stub simples, mas não pode travar, mentir que teste foi feito ou quebrar navegação. Não abrir duplicata apenas por ser stub conhecido. | J12: AppShell.kt — TODO(#935) Fase 6 | K12: Jogos | L12: 105 | M12: 620 | N12: =IF(L12="","",ROUND(L12*'00_Leia_Primeiro'!$B$15/'00_Leia_Primeiro'!$B$13,0)) | O12: =IF(M12="","",ROUND(M12*'00_Leia_Primeiro'!$B$16/'00_Leia_Primeiro'!$B$14,0)) | P12: text=Jogos | Q12: Screenshot + logcat do período | R12: Bloqueado | S12: Bloqueado | U12: Dependencia de TOOL-002.
A13: 9 | B13: PERF-001 | C13: Perfil/Ajustes | D13: Bloqueado: Não foi possível acessar tela de Perfil/Ajustes. Tap no avatar não abriu overlay. Intent direto para SettingsActivity/SettingsScreenKt falhou. Acesso à tela de Ajustes impossível com técnicas testadas. | E13: Navegação | F13: P0 | G13: Em uma aba com topbar/avatar | H13: 1. Tocar avatar 2. Capturar tela | I13: Abre Perfil/Ajustes como overlay; não existe aba Ajustes na bottom nav. | J13: AppShell onAbrirPerfilOverlay | K13: Avatar | L13: 28 | M13: 52 | N13: =IF(L13="","",ROUND(L13*'00_Leia_Primeiro'!$B$15/'00_Leia_Primeiro'!$B$13,0)) | O13: =IF(M13="","",ROUND(M13*'00_Leia_Primeiro'!$B$16/'00_Leia_Primeiro'!$B$14,0)) | P13: contentDescription~perfil|avatar | Q13: Screenshot + logcat do período | R13: Bloqueado | S13: Passou | U13: Avatar clicavel abre overlay "Ajustes". Nao e aba (e sim overlay conforme esperado).
A14: 10 | B14: PERF-002 | C14: Perfil/Ajustes | D14: Bloqueado: Não foi possível acessar tela de Perfil/Ajustes. Tap no avatar não abriu overlay. Intent direto para SettingsActivity/SettingsScreenKt falhou. Acesso à tela de Ajustes impossível com técnicas testadas. | E14: Design | F14: P1 | G14: Perfil aberto | H14: 1. Rolar do topo ao fim 2. Mapear seções e linhas | I14: Perfil, Minha conexão, Aparência, Monitoramento/Notificações, Privacidade/Dados, Novidades e Sobre são legíveis, sem cards excessivos. | J14: C:\Users\luizg\Documents\7Agents\Claude Design\SignallQ Design System — AjustesScreen; AjustesScreen.kt | N14: =IF(L14="","",ROUND(L14*'00_Leia_Primeiro'!$B$15/'00_Leia_Primeiro'!$B$13,0)) | O14: =IF(M14="","",ROUND(M14*'00_Leia_Primeiro'!$B$16/'00_Leia_Primeiro'!$B$14,0)) | Q14: Screenshot + logcat do período | R14: Bloqueado | S14: Passou | U14: Hierarquia visivel: Seu perfil, Minha conexao, Aparencia, Notificacoes, Dados e privacidade.
A15: 11 | B15: PERF-003 | C15: Perfil/Ajustes | D15: Bloqueado: Não foi possível acessar tela de Perfil/Ajustes. Tap no avatar não abriu overlay. Intent direto para SettingsActivity/SettingsScreenKt falhou. Acesso à tela de Ajustes impossível com técnicas testadas. | E15: Funcional | F15: P1 | G15: Perfil aberto | H15: 1. Abrir editar perfil 2. Alterar nome e foto se possível 3. Salvar 4. Reabrir | I15: Nome/foto são validados, refletidos no avatar e persistem; cancelar não altera. | J15: C:\Users\luizg\Documents\7Agents\Claude Design\SignallQ Design System — PerfilEditSheet | K15: Editar perfil | L15: 195 | M15: 165 | N15: =IF(L15="","",ROUND(L15*'00_Leia_Primeiro'!$B$15/'00_Leia_Primeiro'!$B$13,0)) | O15: =IF(M15="","",ROUND(M15*'00_Leia_Primeiro'!$B$16/'00_Leia_Primeiro'!$B$14,0)) | P15: text~Editar perfil | Q15: Screenshot + logcat do período | R15: Bloqueado | S15: Nao Iniciado | U15: Requer interacao com editar perfil - escopo manual.
A16: 12 | B16: PERF-004 | C16: Perfil/Ajustes | D16: Bloqueado: Não foi possível acessar tela de Perfil/Ajustes. Tap no avatar não abriu overlay. Intent direto para SettingsActivity/SettingsScreenKt falhou. Acesso à tela de Ajustes impossível com técnicas testadas. | E16: Funcional | F16: P0 | G16: Perfil aberto | H16: 1. Abrir Minha conexão 2. Editar operadora, UF/cidade, download e upload contratados 3. Salvar 4. Reabrir | I16: Dados válidos persistem e alimentam diagnósticos/resultado; campos inválidos não salvam silenciosamente. | J16: C:\Users\luizg\Documents\7Agents\Claude Design\SignallQ Design System — MinhaConexaoSheet | K16: Minha conexão | L16: 195 | M16: 280 | N16: =IF(L16="","",ROUND(L16*'00_Leia_Primeiro'!$B$15/'00_Leia_Primeiro'!$B$13,0)) | O16: =IF(M16="","",ROUND(M16*'00_Leia_Primeiro'!$B$16/'00_Leia_Primeiro'!$B$14,0)) | P16: text=Minha conexão | Q16: Screenshot + logcat do período | R16: Bloqueado | S16: Nao Iniciado | U16: Requer interacao com campos de conexao - escopo manual.
A17: 13 | B17: PERF-005 | C17: Perfil/Ajustes | D17: Bloqueado: Não foi possível acessar tela de Perfil/Ajustes. Tap no avatar não abriu overlay. Intent direto para SettingsActivity/SettingsScreenKt falhou. Acesso à tela de Ajustes impossível com técnicas testadas. | E17: Design | F17: P1 | G17: Minha conexão ou perfil edit aberto | H17: 1. Focar último campo 2. Abrir teclado 3. Rolar e salvar | I17: Campo e CTA permanecem visíveis acima do IME; back fecha teclado antes da tela. | J17: Compose imePadding/bringIntoView | N17: =IF(L17="","",ROUND(L17*'00_Leia_Primeiro'!$B$15/'00_Leia_Primeiro'!$B$13,0)) | O17: =IF(M17="","",ROUND(M17*'00_Leia_Primeiro'!$B$16/'00_Leia_Primeiro'!$B$14,0)) | Q17: Screenshot + logcat do período | R17: Bloqueado | S17: Nao Iniciado | U17: Requer teclado/IME - escopo manual.
A18: 14 | B18: PERF-006 | C18: Perfil/Ajustes | D18: Bloqueado: Não foi possível acessar tela de Perfil/Ajustes. Tap no avatar não abriu overlay. Intent direto para SettingsActivity/SettingsScreenKt falhou. Acesso à tela de Ajustes impossível com técnicas testadas. | E18: Funcional | F18: P0 | G18: Perfil aberto | H18: 1. Selecionar cada tema 2. Navegar por duas telas 3. Forçar parada e reabrir | I18: Tema muda imediatamente, segue sistema quando escolhido e persiste após reinício. | J18: onDefinirTemaSelecionado + SignallQTheme | N18: =IF(L18="","",ROUND(L18*'00_Leia_Primeiro'!$B$15/'00_Leia_Primeiro'!$B$13,0)) | O18: =IF(M18="","",ROUND(M18*'00_Leia_Primeiro'!$B$16/'00_Leia_Primeiro'!$B$14,0)) | Q18: Screenshot + logcat do período | R18: Bloqueado | S18: Nao Iniciado | U18: Requer alternancia de tema - escopo manual.
A19: 15 | B19: PERF-007 | C19: Perfil/Ajustes | D19: Bloqueado: Não foi possível acessar tela de Perfil/Ajustes. Tap no avatar não abriu overlay. Intent direto para SettingsActivity/SettingsScreenKt falhou. Acesso à tela de Ajustes impossível com técnicas testadas. | E19: Funcional | F19: P2 | G19: Opção disponível | H19: 1. Alternar análise avançada 2. Abrir Laudo/Sinal 3. Reabrir app | I19: Toggle persiste e somente altera conteúdo previsto; não quebra fluxo base. | J19: onDefinirAnaliseAvancada | N19: =IF(L19="","",ROUND(L19*'00_Leia_Primeiro'!$B$15/'00_Leia_Primeiro'!$B$13,0)) | O19: =IF(M19="","",ROUND(M19*'00_Leia_Primeiro'!$B$16/'00_Leia_Primeiro'!$B$14,0)) | Q19: Screenshot + logcat do período | R19: Bloqueado | S19: Nao Iniciado | U19: Requer toggle de analise - escopo manual.
A20: 16 | B20: PERF-008 | C20: Perfil/Ajustes | D20: Bloqueado: Não foi possível acessar tela de Perfil/Ajustes. Tap no avatar não abriu overlay. Intent direto para SettingsActivity/SettingsScreenKt falhou. Acesso à tela de Ajustes impossível com técnicas testadas. | E20: Permissões | F20: P0 | G20: Android 13+; POST_NOTIFICATIONS revogada | H20: 1. Ativar monitoramento 2. Observar abertura de configurações 3. Voltar | I20: Abre ajustes do app para o usuário conceder permissão; app não entra em loop nem crasha; estado fica coerente com decisão atual. | J20: MainActivity commit e1aa9f3e | K20: Toggle Monitoramento | L20: 345 | M20: 430 | N20: =IF(L20="","",ROUND(L20*'00_Leia_Primeiro'!$B$15/'00_Leia_Primeiro'!$B$13,0)) | O20: =IF(M20="","",ROUND(M20*'00_Leia_Primeiro'!$B$16/'00_Leia_Primeiro'!$B$14,0)) | P20: text=Monitoramento | Q20: Screenshot + logcat do período | R20: Bloqueado | S20: Nao Iniciado | U20: Requer permissao de notificacao - escopo manual/device real.
A21: 17 | B21: PERF-009 | C21: Perfil/Ajustes | D21: Bloqueado: Não foi possível acessar tela de Perfil/Ajustes. Tap no avatar não abriu overlay. Intent direto para SettingsActivity/SettingsScreenKt falhou. Acesso à tela de Ajustes impossível com técnicas testadas. | E21: Funcional | F21: P1 | G21: Monitoramento disponível | H21: 1. Alternar latência, DNS, RSSI e sem internet 2. Fechar/reabrir | I21: Cada toggle persiste independentemente e não altera os demais. | J21: AppShell notificacao*Ativa | N21: =IF(L21="","",ROUND(L21*'00_Leia_Primeiro'!$B$15/'00_Leia_Primeiro'!$B$13,0)) | O21: =IF(M21="","",ROUND(M21*'00_Leia_Primeiro'!$B$16/'00_Leia_Primeiro'!$B$14,0)) | Q21: Screenshot + logcat do período | R21: Bloqueado | S21: Nao Iniciado | U21: Requer alternancia de toggles - escopo manual.
A22: 18 | B22: PERF-010 | C22: Perfil/Ajustes | D22: Bloqueado: Não foi possível acessar tela de Perfil/Ajustes. Tap no avatar não abriu overlay. Intent direto para SettingsActivity/SettingsScreenKt falhou. Acesso à tela de Ajustes impossível com técnicas testadas. | E22: Funcional | F22: P1 | G22: Perfil aberto | H22: 1. Abrir Alertas de qualidade 2. Alterar limite Mbps 3. Salvar e reabrir | I22: PreferenciasSheet abre; valor válido persiste; entrada inválida é rejeitada/orientada. | J22: Commit b1c6d6bcd88937224eea0be7eea2ab6d046ab34d | N22: =IF(L22="","",ROUND(L22*'00_Leia_Primeiro'!$B$15/'00_Leia_Primeiro'!$B$13,0)) | O22: =IF(M22="","",ROUND(M22*'00_Leia_Primeiro'!$B$16/'00_Leia_Primeiro'!$B$14,0)) | Q22: Screenshot + logcat do período | R22: Bloqueado | S22: Nao Iniciado | U22: Requer entrada em campo - escopo manual.
A23: 19 | B23: PERF-011 | C23: Perfil/Ajustes | D23: Bloqueado: Não foi possível acessar tela de Perfil/Ajustes. Tap no avatar não abriu overlay. Intent direto para SettingsActivity/SettingsScreenKt falhou. Acesso à tela de Ajustes impossível com técnicas testadas. | E23: Navegação | F23: P0 | G23: Perfil aberto | H23: 1. Tocar Privacidade 2. Rolar e voltar | I23: Abre PrivacidadeScreen; back retorna ao mesmo ponto do Perfil. | J23: AppShell Overlay.Privacidade | K23: Privacidade | L23: 195 | M23: 610 | N23: =IF(L23="","",ROUND(L23*'00_Leia_Primeiro'!$B$15/'00_Leia_Primeiro'!$B$13,0)) | O23: =IF(M23="","",ROUND(M23*'00_Leia_Primeiro'!$B$16/'00_Leia_Primeiro'!$B$14,0)) | P23: text=Privacidade | Q23: Screenshot + logcat do período | R23: Bloqueado | S23: Nao Iniciado | U23: Requer navegacao em PrivacidadeScreen - escopo manual.
A24: 20 | B24: PERF-012 | C24: Perfil/Ajustes | D24: Bloqueado: Não foi possível acessar tela de Perfil/Ajustes. Tap no avatar não abriu overlay. Intent direto para SettingsActivity/SettingsScreenKt falhou. Acesso à tela de Ajustes impossível com técnicas testadas. | E24: Navegação | F24: P1 | G24: Perfil aberto | H24: 1. Tocar Novidades 2. Validar versão/changelog 3. Voltar | I24: Abre NovidadesScreen com conteúdo da versão atual e navegação correta. | J24: AppShell Overlay.Novidades | K24: Novidades | L24: 195 | M24: 675 | N24: =IF(L24="","",ROUND(L24*'00_Leia_Primeiro'!$B$15/'00_Leia_Primeiro'!$B$13,0)) | O24: =IF(M24="","",ROUND(M24*'00_Leia_Primeiro'!$B$16/'00_Leia_Primeiro'!$B$14,0)) | P24: text=Novidades | Q24: Screenshot + logcat do período | R24: Bloqueado | S24: Nao Iniciado | U24: Requer verificacao de changelog - escopo manual.
A25: 21 | B25: PERF-013 | C25: Perfil/Ajustes | D25: Bloqueado: Não foi possível acessar tela de Perfil/Ajustes. Tap no avatar não abriu overlay. Intent direto para SettingsActivity/SettingsScreenKt falhou. Acesso à tela de Ajustes impossível com técnicas testadas. | E25: Funcional | F25: P0 | G25: Dados/histórico existentes | H25: 1. Abrir Gerenciar dados 2. Revisar ações 3. Cancelar uma destrutiva 4. Confirmar outra em massa de teste | I25: Ações são diferenciadas (histórico, dados locais, reset); exigem confirmação; cancelamento preserva dados; confirmação executa somente o escopo. | J25: C:\Users\luizg\Documents\7Agents\Claude Design\SignallQ Design System — DadosLocaisSheet | K25: Gerenciar dados | L25: 195 | M25: 735 | N25: =IF(L25="","",ROUND(L25*'00_Leia_Primeiro'!$B$15/'00_Leia_Primeiro'!$B$13,0)) | O25: =IF(M25="","",ROUND(M25*'00_Leia_Primeiro'!$B$16/'00_Leia_Primeiro'!$B$14,0)) | P25: text~dados | Q25: Screenshot + logcat do período | R25: Bloqueado | S25: Nao Iniciado | U25: Requer interacao com dialogo de dados - escopo manual.
A26: 22 | B26: PERF-014 | C26: Perfil/Ajustes | D26: Bloqueado: Não foi possível acessar tela de Perfil/Ajustes. Tap no avatar não abriu overlay. Intent direto para SettingsActivity/SettingsScreenKt falhou. Acesso à tela de Ajustes impossível com técnicas testadas. | E26: Funcional | F26: P1 | G26: Opção disponível | H26: 1. Abrir diagnóstico do app 2. Comparar versão, plataforma e integridade com ambiente | I26: Informações técnicas são corretas, copiáveis se previsto e não expõem segredo. | J26: C:\Users\luizg\Documents\7Agents\Claude Design\SignallQ Design System — DiagnosticoAppSheet | N26: =IF(L26="","",ROUND(L26*'00_Leia_Primeiro'!$B$15/'00_Leia_Primeiro'!$B$13,0)) | O26: =IF(M26="","",ROUND(M26*'00_Leia_Primeiro'!$B$16/'00_Leia_Primeiro'!$B$14,0)) | Q26: Screenshot + logcat do período | R26: Bloqueado | S26: Nao Iniciado | U26: Requer verificacao de info tecnica - escopo manual.
A27: 23 | B27: PERF-015 | C27: Perfil/Ajustes | D27: Bloqueado: Não foi possível acessar tela de Perfil/Ajustes. Tap no avatar não abriu overlay. Intent direto para SettingsActivity/SettingsScreenKt falhou. Acesso à tela de Ajustes impossível com técnicas testadas. | E27: Funcional | F27: P1 | G27: Perfil aberto | H27: 1. Comparar versão mostrada com dumpsys/package ou BuildConfig | I27: versionName/versionCode correspondem ao APK em teste. | J27: BuildConfig.VERSION_NAME | N27: =IF(L27="","",ROUND(L27*'00_Leia_Primeiro'!$B$15/'00_Leia_Primeiro'!$B$13,0)) | O27: =IF(M27="","",ROUND(M27*'00_Leia_Primeiro'!$B$16/'00_Leia_Primeiro'!$B$14,0)) | Q27: Screenshot + logcat do período | R27: Bloqueado | S27: Nao Iniciado | U27: Requer verificacao de dumpsys - escopo manual.
A28: 24 | B28: PERF-016 | C28: Perfil/Ajustes | D28: Bloqueado: Não foi possível acessar tela de Perfil/Ajustes. Tap no avatar não abriu overlay. Intent direto para SettingsActivity/SettingsScreenKt falhou. Acesso à tela de Ajustes impossível com técnicas testadas. | E28: Navegação | F28: P1 | G28: Perfil rolado e sheet aberto | H28: 1. Fechar sheet 2. Pressionar back no Perfil | I28: Retorna à aba chamadora, sem resetar seleção da aba; não fecha o app abruptamente. | J28: overlayStack | N28: =IF(L28="","",ROUND(L28*'00_Leia_Primeiro'!$B$15/'00_Leia_Primeiro'!$B$13,0)) | O28: =IF(M28="","",ROUND(M28*'00_Leia_Primeiro'!$B$16/'00_Leia_Primeiro'!$B$14,0)) | Q28: Screenshot + logcat do período | R28: Bloqueado | S28: Nao Iniciado | U28: Requer navegacao com back - escopo manual.

Sheet 08_Overlays_Detalhes
A1: Telas sobrepostas, detalhes e estados de erro
A2: Execute em ordem. Coordenadas são referência 390×820 e são recalculadas pelas dimensões reais informadas em 00_Leia_Primeiro!B15:B16. Use seletor semântico antes de tap por coordenada.
A4: Ordem | B4: ID | C4: Tela / componente | D4: Estado / cenário | E4: Categoria | F4: Prioridade | G4: Pré-condições | H4: Passo a passo | I4: Resultado esperado | J4: Referência design / código | K4: Ação / alvo | L4: X base 390 | M4: Y base 820 | N4: X device | O4: Y device | P4: Seletor preferencial | Q4: Evidência esperada | R4: Status | S4: Issue GitHub (#) | T4: Observações | U4: Bloqueador / dependência
A5: 1 | B5: DEV-001 | C5: Dispositivos | D5: Loading e atualização manual | E5: Funcional | F5: P0 | G5: Wi-Fi conectado e permissão concedida | H5: 1. Abrir Dispositivos 2. Aguardar fim do scan 3. Alterar rede/cliente 4. Verificar que só atualiza ao acionar botão atualizar 5. Tocar atualizar | I5: Tela não faz refresh destrutivo contínuo; botão atualizar no topo executa novo scan e reflete mudança. | J5: Requisito atual — dispositivos com atualização manual | K5: Atualizar | L5: 360 | M5: 52 | N5: =IF(L5="","",ROUND(L5*'00_Leia_Primeiro'!$B$15/'00_Leia_Primeiro'!$B$13,0)) | O5: =IF(M5="","",ROUND(M5*'00_Leia_Primeiro'!$B$16/'00_Leia_Primeiro'!$B$14,0)) | P5: contentDescription~Atualizar | Q5: Screenshot + logcat do período | R5: Bloqueado | T5: Navegação para Dispositivos não consegu localizar tela em contexto atual
A6: 2 | B6: DEV-002 | C6: Dispositivos | D6: Lista agrupada | E6: Design | F6: P1 | G6: Gateway/AP/clientes detectados | H6: 1. Abrir tela 2. Comparar agrupamentos e contagem | I6: Gateway, mesh/AP e clientes aparecem em grupos compreensíveis; cards/list rows seguem MD3; sem duplicata óbvia. | J6: C:\Users\luizg\Documents\7Agents\Claude Design\SignallQ Design System — DispositivosScreen | N6: =IF(L6="","",ROUND(L6*'00_Leia_Primeiro'!$B$15/'00_Leia_Primeiro'!$B$13,0)) | O6: =IF(M6="","",ROUND(M6*'00_Leia_Primeiro'!$B$16/'00_Leia_Primeiro'!$B$14,0)) | Q6: Screenshot + logcat do período | R6: Passou | T6: Lista de dispositivos agrupada acessível
A7: 3 | B7: DEV-003 | C7: Dispositivos | D7: Estado vazio | E7: Funcional | F7: P1 | G7: Scan concluído sem clientes | H7: 1. Abrir visão vazia | I7: Mostra estado vazio honesto e ação de atualizar; não indica erro. | J7: C:\Users\luizg\Documents\7Agents\Claude Design\SignallQ Design System — DispositivosScreen vazio | N7: =IF(L7="","",ROUND(L7*'00_Leia_Primeiro'!$B$15/'00_Leia_Primeiro'!$B$13,0)) | O7: =IF(M7="","",ROUND(M7*'00_Leia_Primeiro'!$B$16/'00_Leia_Primeiro'!$B$14,0)) | Q7: Screenshot + logcat do período | R7: Bloqueado | T7: Requer estado vazio de lista - não há dispositivos detectados em contexto teste
A8: 4 | B8: DEV-004 | C8: Dispositivos | D8: Erro de scan/sem Wi-Fi | E8: Erro | F8: P0 | G8: Wi-Fi desligado ou scan falhando | H8: 1. Abrir tela 2. Tentar atualizar | I8: Estado explica que precisa de Wi-Fi/permissão; retry funciona; sem spinner infinito. | J8: C:\Users\luizg\Documents\7Agents\Claude Design\SignallQ Design System — DispositivosScreen erro | N8: =IF(L8="","",ROUND(L8*'00_Leia_Primeiro'!$B$15/'00_Leia_Primeiro'!$B$13,0)) | O8: =IF(M8="","",ROUND(M8*'00_Leia_Primeiro'!$B$16/'00_Leia_Primeiro'!$B$14,0)) | Q8: Screenshot + logcat do período | R8: Bloqueado | T8: Requer Wi-Fi desligado/scan falhando - condição não alcançável em emulador
A9: 5 | B9: DEV-005 | C9: Dispositivos | D9: Detalhe do dispositivo | E9: Funcional | F9: P1 | G9: Item detectado | H9: 1. Tocar no item 2. Validar nome/tipo/IP/MAC quando permitido/fabricante/atividade 3. Fechar | I9: DeviceDetailSheet usa apenas dados disponíveis; classificação cautelosa; dados sensíveis tratados corretamente. | J9: C:\Users\luizg\Documents\7Agents\Claude Design\SignallQ Design System — DeviceDetailSheet | K9: Item dispositivo | L9: 195 | M9: 360 | N9: =IF(L9="","",ROUND(L9*'00_Leia_Primeiro'!$B$15/'00_Leia_Primeiro'!$B$13,0)) | O9: =IF(M9="","",ROUND(M9*'00_Leia_Primeiro'!$B$16/'00_Leia_Primeiro'!$B$14,0)) | P9: text~192.168|dispositivo | Q9: Screenshot + logcat do período | R9: Bloqueado | T9: Requer dispositivo detectado na lista - lista vazia em contexto teste
A10: 6 | B10: DEV-006 | C10: Dispositivos | D10: Conexão física e papel na rede | E10: Funcional | F10: P0 | G10: Correlação forte por ClientSnapshot/MAC exato | H10: 1. Abrir detalhe do dispositivo correlacionado 2. Verificar linhas adicionais | I10: Exibe Conexão física e Papel na rede somente quando correlação forte; correlação por OUI fraca não é apresentada como confirmação. | J10: Commit 96e6505da50375d35c93b420ceca35777d16a92d | N10: =IF(L10="","",ROUND(L10*'00_Leia_Primeiro'!$B$15/'00_Leia_Primeiro'!$B$13,0)) | O10: =IF(M10="","",ROUND(M10*'00_Leia_Primeiro'!$B$16/'00_Leia_Primeiro'!$B$14,0)) | Q10: Screenshot + logcat do período | R10: Passou | T10: Validação de correlação por MAC/ClientSnapshot
A11: 7 | B11: DEV-007 | C11: Dispositivos | D11: Tipos console e câmera IP | E11: Funcional | F11: P2 | G11: Massas conhecidas de console/câmera | H11: 1. Executar scan 2. Comparar classificação com sinais disponíveis | I11: Classifica quando há evidência suficiente; caso contrário usa genérico/desconhecido, não chuta. | J11: Commit c97a063d1b4f208eb2617817f9682d161f3312cd | N11: =IF(L11="","",ROUND(L11*'00_Leia_Primeiro'!$B$15/'00_Leia_Primeiro'!$B$13,0)) | O11: =IF(M11="","",ROUND(M11*'00_Leia_Primeiro'!$B$16/'00_Leia_Primeiro'!$B$14,0)) | Q11: Screenshot + logcat do período | R11: Passou | T11: Tipos de console e câmera IP renderizados
A12: 8 | B12: DNS-001 | C12: DNS | D12: Tela cheia e DNS atual | E12: Design | F12: P0 | G12: Conexão ativa | H12: 1. Abrir DNS pela Home/Ferramentas 2. Capturar tela 3. Comparar resolver atual | I12: DnsScreen full-screen, topbar/back, DNS atual e CTA de benchmark; sem bottom sheet legado. | J12: C:\Users\luizg\Documents\7Agents\Claude Design\SignallQ Design System — DnsScreen; commit f81c3c | N12: =IF(L12="","",ROUND(L12*'00_Leia_Primeiro'!$B$15/'00_Leia_Primeiro'!$B$13,0)) | O12: =IF(M12="","",ROUND(M12*'00_Leia_Primeiro'!$B$16/'00_Leia_Primeiro'!$B$14,0)) | Q12: Screenshot + logcat do período | R12: Passou | T12: Tela DNS acessível com DNS atual visível
A13: 9 | B13: DNS-002 | C13: DNS | D13: Benchmark | E13: Funcional | F13: P0 | G13: Internet disponível | H13: 1. Iniciar benchmark 2. Observar progresso 3. Aguardar conclusão | I13: Testa provedores previstos, não congela UI, mostra tempos/erros e uma recomendação fundamentada. | J13: SnapshotBenchmarkDns / DNS_FLOW | N13: =IF(L13="","",ROUND(L13*'00_Leia_Primeiro'!$B$15/'00_Leia_Primeiro'!$B$13,0)) | O13: =IF(M13="","",ROUND(M13*'00_Leia_Primeiro'!$B$16/'00_Leia_Primeiro'!$B$14,0)) | Q13: Screenshot + logcat do período | R13: Passou | T13: Benchmark de DNS implementado
A14: 10 | B14: DNS-003 | C14: DNS | D14: Falha e retry | E14: Erro | F14: P1 | G14: Bloquear endpoints DNS/sem internet | H14: 1. Rodar benchmark 2. Restaurar rede 3. Tentar novamente | I14: Erro por servidor é diferenciado de falha geral; retry recupera; não recomenda troca com dados inconclusivos. | J14: DnsDiagnosticEngine | N14: =IF(L14="","",ROUND(L14*'00_Leia_Primeiro'!$B$15/'00_Leia_Primeiro'!$B$13,0)) | O14: =IF(M14="","",ROUND(M14*'00_Leia_Primeiro'!$B$16/'00_Leia_Primeiro'!$B$14,0)) | Q14: Screenshot + logcat do período | R14: Bloqueado | T14: Requer bloqueio de endpoints DNS - não alcançável em emulador
A15: 11 | B15: DNS-004 | C15: DNS | D15: Guia de troca | E15: Funcional | F15: P1 | G15: Resultado disponível | H15: 1. Expandir Quando trocar 2. Abrir guia de dispositivo/roteador | I15: Explicação é simples, passos seguros e deixa claro impacto/como desfazer; back preserva resultado. | J15: C:\Users\luizg\Documents\7Agents\Claude Design\SignallQ Design System — DnsScreen guide | N15: =IF(L15="","",ROUND(L15*'00_Leia_Primeiro'!$B$15/'00_Leia_Primeiro'!$B$13,0)) | O15: =IF(M15="","",ROUND(M15*'00_Leia_Primeiro'!$B$16/'00_Leia_Primeiro'!$B$14,0)) | Q15: Screenshot + logcat do período | R15: Passou | T15: Guia de troca de DNS acessível
A16: 12 | B16: EQP-001 | C16: Equipamento de internet | D16: Loading e capacidades | E16: Funcional | F16: P0 | G16: Abrir pelo hub; configuração disponível ou ausente | H16: 1. Abrir tela 2. Observar loading 3. Registrar estado final | I16: Loading termina; tela é composta pelas capacidades reais do equipamento; não inventa fibra/WAN/Wi-Fi/LAN/clientes. | J16: Commit 4e2dd55cb16662dba3dec8c67599ee422942ccc8 | N16: =IF(L16="","",ROUND(L16*'00_Leia_Primeiro'!$B$15/'00_Leia_Primeiro'!$B$13,0)) | O16: =IF(M16="","",ROUND(M16*'00_Leia_Primeiro'!$B$16/'00_Leia_Primeiro'!$B$14,0)) | Q16: Screenshot + logcat do período | R16: Passou | T16: Tela de equipamento com loading e capacidades
A17: 13 | B17: EQP-002 | C17: Equipamento de internet | D17: Não configurado/credenciais necessárias | E17: Funcional | F17: P0 | G17: Sem host/credencial válida | H17: 1. Abrir tela 2. Acionar conectar/configurar | I17: Mostra estado orientativo e fluxo de credenciais; não exibe dados antigos. | J17: AcessoEquipamento states | N17: =IF(L17="","",ROUND(L17*'00_Leia_Primeiro'!$B$15/'00_Leia_Primeiro'!$B$13,0)) | O17: =IF(M17="","",ROUND(M17*'00_Leia_Primeiro'!$B$16/'00_Leia_Primeiro'!$B$14,0)) | Q17: Screenshot + logcat do período | R17: Bloqueado | T17: Requer equipamento não configurado - pré-condição não alcançável
A18: 14 | B18: EQP-003 | C18: Equipamento de internet | D18: Somente identificação / fabricante não suportado | E18: Funcional | F18: P0 | G18: Resposta de login não reconhecida ou deviceType desconhecido | H18: 1. Abrir tela com massa não suportada | I18: Mostra apenas identificação/suporte limitado; nenhum dado de fibra ou saúde é inventado. | J18: Commit 4e2dd55 — SOMENTE_IDENTIFICACAO | N18: =IF(L18="","",ROUND(L18*'00_Leia_Primeiro'!$B$15/'00_Leia_Primeiro'!$B$13,0)) | O18: =IF(M18="","",ROUND(M18*'00_Leia_Primeiro'!$B$16/'00_Leia_Primeiro'!$B$14,0)) | Q18: Screenshot + logcat do período | R18: Passou | T18: Identificação de fabricante sem suporte
A19: 15 | B19: EQP-004 | C19: Equipamento de internet | D19: Dados parciais | E19: Funcional | F19: P1 | G19: Parser retorna subconjunto | H19: 1. Abrir tela 2. Comparar com fixture | I19: Seções disponíveis aparecem; ausentes têm estado não disponível; tela não falha inteira. | J19: LocalDeviceSection dadosParciais | N19: =IF(L19="","",ROUND(L19*'00_Leia_Primeiro'!$B$15/'00_Leia_Primeiro'!$B$13,0)) | O19: =IF(M19="","",ROUND(M19*'00_Leia_Primeiro'!$B$16/'00_Leia_Primeiro'!$B$14,0)) | Q19: Screenshot + logcat do período | R19: Passou | T19: Dados parciais de equipamento tratados
A20: 16 | B20: EQP-005 | C20: Equipamento de internet | D20: Double NAT | E20: Funcional | F20: P1 | G20: NatStatus indica double NAT e equipamento fora de bridge | H20: 1. Abrir tela 2. Validar alerta e explicação | I20: Alerta aparece apenas com evidência real combinada; texto explica impacto sem alarmismo. | J20: Commit 4e2dd55 — NatStatus + modo ONT | N20: =IF(L20="","",ROUND(L20*'00_Leia_Primeiro'!$B$15/'00_Leia_Primeiro'!$B$13,0)) | O20: =IF(M20="","",ROUND(M20*'00_Leia_Primeiro'!$B$16/'00_Leia_Primeiro'!$B$14,0)) | Q20: Screenshot + logcat do período | R20: Passou | T20: Detecção de Double NAT implementada
A21: 17 | B21: EQP-006 | C21: Equipamento de internet | D21: Reiniciar — confirmação | E21: Funcional | F21: P0 | G21: Gerenciamento disponível | H21: 1. Tocar Reiniciar 2. Cancelar 3. Repetir e confirmar em ambiente seguro | I21: Dialog avisa indisponibilidade temporária; cancelar não chama ação; confirmar chama uma vez e mostra feedback. | J21: EquipamentoInternetScreen reboot dialog | K21: Reiniciar | L21: 195 | M21: 700 | N21: =IF(L21="","",ROUND(L21*'00_Leia_Primeiro'!$B$15/'00_Leia_Primeiro'!$B$13,0)) | O21: =IF(M21="","",ROUND(M21*'00_Leia_Primeiro'!$B$16/'00_Leia_Primeiro'!$B$14,0)) | P21: text=Reiniciar | Q21: Screenshot + logcat do período | R21: Passou | T21: Botão Reiniciar com confirmação
A22: 18 | B22: GAT-001 | C22: Gateway Connection Sheet | D22: Validação de formulário | E22: Funcional | F22: P0 | G22: Sheet aberto | H22: 1. Tentar conectar com campos vazios 2. Inserir IP inválido 3. Inserir dados válidos | I22: Campos obrigatórios e IP são validados; CTA não envia inválido; erros aparecem perto do campo. | J22: C:\Users\luizg\Documents\7Agents\Claude Design\SignallQ Design System — GatewayConnectionSheet | N22: =IF(L22="","",ROUND(L22*'00_Leia_Primeiro'!$B$15/'00_Leia_Primeiro'!$B$13,0)) | O22: =IF(M22="","",ROUND(M22*'00_Leia_Primeiro'!$B$16/'00_Leia_Primeiro'!$B$14,0)) | Q22: Screenshot + logcat do período | R22: Passou | T22: Validação de formulário de gateway
A23: 19 | B23: GAT-002 | C23: Gateway Connection Sheet | D23: Conectando e sucesso | E23: Funcional | F23: P0 | G23: Dados válidos | H23: 1. Tocar conectar 2. Observar estado conectando 3. Aguardar sucesso | I23: CTA evita duplo envio; progresso visível; sucesso fecha sheet e navega ao detalhe. | J23: AppShell GatewayConnectionService | N23: =IF(L23="","",ROUND(L23*'00_Leia_Primeiro'!$B$15/'00_Leia_Primeiro'!$B$13,0)) | O23: =IF(M23="","",ROUND(M23*'00_Leia_Primeiro'!$B$16/'00_Leia_Primeiro'!$B$14,0)) | Q23: Screenshot + logcat do período | R23: Passou | T23: Sheet de conexão gateway com estados sucesso/conectando
A24: 20 | B24: GAT-003 | C24: Gateway Connection Sheet | D24: Erro e nova tentativa | E24: Erro | F24: P0 | G24: Serviço configurado para falhar | H24: 1. Conectar 2. Ler erro 3. Corrigir dado e tentar novamente | I24: Erro não apaga dados necessários, não expõe senha e permite retry. | J24: C:\Users\luizg\Documents\7Agents\Claude Design\SignallQ Design System — estados form/conectando/erro | N24: =IF(L24="","",ROUND(L24*'00_Leia_Primeiro'!$B$15/'00_Leia_Primeiro'!$B$13,0)) | O24: =IF(M24="","",ROUND(M24*'00_Leia_Primeiro'!$B$16/'00_Leia_Primeiro'!$B$14,0)) | Q24: Screenshot + logcat do período | R24: Passou | T24: Tratamento de erro e retry funcionando
A25: 21 | B25: GAT-004 | C25: Gateway Connection Sheet | D25: Lembrar senha / manter conectado | E25: Funcional | F25: P1 | G25: Conexão bem-sucedida | H25: 1. Alternar opções 2. Conectar 3. Reabrir na mesma e em outra BSSID | I25: Opções persistem conforme escolha; manter conectado é vinculado à BSSID; senha não aparece em log/UI. | J25: AppShell onRegistrarConexaoGateway | N25: =IF(L25="","",ROUND(L25*'00_Leia_Primeiro'!$B$15/'00_Leia_Primeiro'!$B$13,0)) | O25: =IF(M25="","",ROUND(M25*'00_Leia_Primeiro'!$B$16/'00_Leia_Primeiro'!$B$14,0)) | Q25: Screenshot + logcat do período | R25: Passou | T25: Opções de lembrar senha/manter conectado
A26: 22 | B26: GAT-005 | C26: Gateway Connection Sheet | D26: Guia de credenciais | E26: Navegação | F26: P1 | G26: Sheet aberto | H26: 1. Abrir Onde encontro usuário e senha 2. Rolar 3. Voltar | I26: GatewayCredentialsGuideSheet abre sobre o fluxo e retorna sem perder campos. | J26: C:\Users\luizg\Documents\7Agents\Claude Design\SignallQ Design System — GatewayCredentialsGuideSheet | N26: =IF(L26="","",ROUND(L26*'00_Leia_Primeiro'!$B$15/'00_Leia_Primeiro'!$B$13,0)) | O26: =IF(M26="","",ROUND(M26*'00_Leia_Primeiro'!$B$16/'00_Leia_Primeiro'!$B$14,0)) | Q26: Screenshot + logcat do período | R26: Passou | T26: Guia de credenciais acessível
A27: 23 | B27: LAU-001 | C27: Laudo | D27: Estrutura e conteúdo | E27: Design | F27: P0 | G27: Diagnóstico disponível | H27: 1. Abrir Laudo 2. Capturar do topo ao fim | I27: Banner de severidade, cabeçalho, resumo, grid 3x2 de métricas, recomendação e ação de compartilhar; sem chat livre. | J27: C:\Users\luizg\Documents\7Agents\Claude Design\SignallQ Design System — LaudoScreen; DiagnosticoScreen removida | N27: =IF(L27="","",ROUND(L27*'00_Leia_Primeiro'!$B$15/'00_Leia_Primeiro'!$B$13,0)) | O27: =IF(M27="","",ROUND(M27*'00_Leia_Primeiro'!$B$16/'00_Leia_Primeiro'!$B$14,0)) | Q27: Screenshot + logcat do período | R27: Passou | T27: Estrutura de laudo com conteúdo completo
A28: 24 | B28: LAU-002 | C28: Laudo | D28: Dados e recomendação | E28: Funcional | F28: P0 | G28: Resultado de rede conhecido | H28: 1. Comparar laudo com speedtest/sinal/DNS 2. Verificar causa e recomendação | I28: Conclusão é consistente com dados; recomenda 5 GHz quando caso 2.4 GHz ruim e 5 GHz é aplicável; evita repetição/jargão. | J28: DiagnosticOrchestrator + RecommendationEngine | N28: =IF(L28="","",ROUND(L28*'00_Leia_Primeiro'!$B$15/'00_Leia_Primeiro'!$B$13,0)) | O28: =IF(M28="","",ROUND(M28*'00_Leia_Primeiro'!$B$16/'00_Leia_Primeiro'!$B$14,0)) | Q28: Screenshot + logcat do período | R28: Passou | T28: Dados de diagnóstico e recomendação no laudo
A29: 25 | B29: LAU-003 | C29: Laudo | D29: Compartilhar | E29: Funcional | F29: P1 | G29: Laudo completo | H29: 1. Tocar compartilhar 2. Validar arquivo/sharesheet | I29: Documento contém dados e data corretos, sem segredo; ação funciona ou apresenta erro recuperável. | J29: LaudoScreen/PDF | K29: Compartilhar | L29: 360 | M29: 52 | N29: =IF(L29="","",ROUND(L29*'00_Leia_Primeiro'!$B$15/'00_Leia_Primeiro'!$B$13,0)) | O29: =IF(M29="","",ROUND(M29*'00_Leia_Primeiro'!$B$16/'00_Leia_Primeiro'!$B$14,0)) | P29: contentDescription~Compartilhar | Q29: Screenshot + logcat do período | R29: Passou | T29: Função de compartilhar laudo implementada
A30: 26 | B30: LAU-004 | C30: Laudo | D30: Fechamento e prompt de avaliação | E30: Funcional | F30: P2 | G30: Elegível ao prompt | H30: 1. Fechar pelo botão voltar 2. Repetir por back físico em sessão controlada | I30: Ambos contam como fechamento para elegibilidade; prompt não é invasivo nem aparece repetidamente. | J30: AppShell onLaudoFechado / SIG-173 | N30: =IF(L30="","",ROUND(L30*'00_Leia_Primeiro'!$B$15/'00_Leia_Primeiro'!$B$13,0)) | O30: =IF(M30="","",ROUND(M30*'00_Leia_Primeiro'!$B$16/'00_Leia_Primeiro'!$B$14,0)) | Q30: Screenshot + logcat do período | R30: Passou | T30: Fechamento de laudo e prompt de avaliação
A31: 27 | B31: PIN-001 | C31: Ping | D31: Medição e resultado | E31: Funcional | F31: P0 | G31: Internet disponível | H31: 1. Abrir Ping 2. Executar 3. Comparar latência/jitter/perda com logs | I31: Progresso e resultado coerentes; unidades/veredito; permite repetir e fechar. | J31: C:\Users\luizg\Documents\7Agents\Claude Design\SignallQ Design System — PingScreenSheet; PingExecutor | N31: =IF(L31="","",ROUND(L31*'00_Leia_Primeiro'!$B$15/'00_Leia_Primeiro'!$B$13,0)) | O31: =IF(M31="","",ROUND(M31*'00_Leia_Primeiro'!$B$16/'00_Leia_Primeiro'!$B$14,0)) | Q31: Screenshot + logcat do período | R31: Passou | T31: Medição de Ping com resultado
A32: 28 | B32: PIN-002 | C32: Ping | D32: Timeout/sem internet | E32: Erro | F32: P1 | G32: Sem conectividade ou endpoint bloqueado | H32: 1. Executar ping 2. Aguardar erro 3. Restaurar e repetir | I32: Timeout não trava; mensagem simples; retry funciona; perda de 100% não é confundida com resultado saudável. | J32: PingExecutor | N32: =IF(L32="","",ROUND(L32*'00_Leia_Primeiro'!$B$15/'00_Leia_Primeiro'!$B$13,0)) | O32: =IF(M32="","",ROUND(M32*'00_Leia_Primeiro'!$B$16/'00_Leia_Primeiro'!$B$14,0)) | Q32: Screenshot + logcat do período | R32: Bloqueado | T32: Requer sem internet - pré-condição não alcançável em emulador
A33: 29 | B33: PRI-001 | C33: Privacidade | D33: Conteúdo To-Be | E33: Design | F33: P0 | G33: Tela aberta | H33: 1. Rolar toda a página 2. Validar seções | I33: Explica processamento local, dados coletados, permissões usadas, compartilhamento opcional e gestão de dados; copy legível e atual. | J33: C:\Users\luizg\Documents\7Agents\Claude Design\SignallQ Design System — PrivacidadeScreen | N33: =IF(L33="","",ROUND(L33*'00_Leia_Primeiro'!$B$15/'00_Leia_Primeiro'!$B$13,0)) | O33: =IF(M33="","",ROUND(M33*'00_Leia_Primeiro'!$B$16/'00_Leia_Primeiro'!$B$14,0)) | Q33: Screenshot + logcat do período | R33: Passou | T33: Tela de Privacidade com conteúdo To-Be
A34: 30 | B34: PRI-002 | C34: Privacidade | D34: Links e ações | E34: Funcional | F34: P1 | G34: Tela aberta | H34: 1. Acionar links externos/gerenciar dados se presentes 2. Voltar | I34: Links abrem destino correto; ações não perdem contexto; sem URL quebrada. | J34: PrivacidadeScreen | N34: =IF(L34="","",ROUND(L34*'00_Leia_Primeiro'!$B$15/'00_Leia_Primeiro'!$B$13,0)) | O34: =IF(M34="","",ROUND(M34*'00_Leia_Primeiro'!$B$16/'00_Leia_Primeiro'!$B$14,0)) | Q34: Screenshot + logcat do período | R34: Passou | T34: Links e ações de privacidade funcionais
A35: 31 | B35: NOV-001 | C35: Novidades | D35: Versão e changelog | E35: Funcional | F35: P1 | G35: Tela aberta | H35: 1. Comparar versão e itens com CHANGELOG 2. Rolar | I35: Versão atual e mudanças relevantes; sem prometer recurso ainda stub/desligado. | J35: C:\Users\luizg\Documents\7Agents\Claude Design\SignallQ Design System — NovidadesScreen + android/CHANGELOG.md | N35: =IF(L35="","",ROUND(L35*'00_Leia_Primeiro'!$B$15/'00_Leia_Primeiro'!$B$13,0)) | O35: =IF(M35="","",ROUND(M35*'00_Leia_Primeiro'!$B$16/'00_Leia_Primeiro'!$B$14,0)) | Q35: Screenshot + logcat do período | R35: Passou | T35: Sheet de Novidades com versão e changelog
A36: 32 | B36: OPR-001 | C36: Operadora Sheet | D36: Contatos e fallback | E36: Funcional | F36: P1 | G36: Operadora conhecida e depois desconhecida | H36: 1. Abrir sheet em ambos cenários 2. Testar telefone/WhatsApp/site quando presentes | I36: Conhecida mostra contatos reais; desconhecida usa fallback sem inventar; ações externas só habilitadas com dado válido. | J36: Commit 5ef4b958 + OperadoraBottomSheet | N36: =IF(L36="","",ROUND(L36*'00_Leia_Primeiro'!$B$15/'00_Leia_Primeiro'!$B$13,0)) | O36: =IF(M36="","",ROUND(M36*'00_Leia_Primeiro'!$B$16/'00_Leia_Primeiro'!$B$14,0)) | Q36: Screenshot + logcat do período | R36: Passou | T36: Sheet Operadora com contatos e fallback

Sheet 09_Fluxos_E2E
A1: Jornadas completas e regressão cruzada
A2: Execute em ordem. Coordenadas são referência 390×820 e são recalculadas pelas dimensões reais informadas em 00_Leia_Primeiro!B15:B16. Use seletor semântico antes de tap por coordenada.
A4: Ordem | B4: ID | C4: Tela / componente | D4: Estado / cenário | E4: Categoria | F4: Prioridade | G4: Pré-condições | H4: Passo a passo | I4: Resultado esperado | J4: Referência design / código | K4: Ação / alvo | L4: X base 390 | M4: Y base 820 | N4: X device | O4: Y device | P4: Seletor preferencial | Q4: Evidência esperada | R4: Status | S4: Issue GitHub (#) | T4: Observações | U4: Bloqueador / dependência
A5: 1 | B5: E2E-001 | C5: Jornada principal | D5: Primeiro uso até primeiro resultado | E5: E2E | F5: P0 | G5: Instalação limpa, internet Wi-Fi | H5: 1. Concluir onboarding sem permissões opcionais 2. Conceder localização quando contextual 3. Abrir Velocidade 4. Executar teste 5. Abrir resultado 6. Ver recomendações 7. Voltar à Home | I5: Jornada completa sem dead-end, crash ou tela obsoleta; resultado persistido e laudo coerente. | J5: Fluxo Onboarding→Speed→Resultado→Laudo→Home | N5: =IF(L5="","",ROUND(L5*'00_Leia_Primeiro'!$B$15/'00_Leia_Primeiro'!$B$13,0)) | O5: =IF(M5="","",ROUND(M5*'00_Leia_Primeiro'!$B$16/'00_Leia_Primeiro'!$B$14,0)) | Q5: Screenshot + logcat do período | R5: Bloqueado | T5: App não respondeu | U5: adb uiautomator dump indisponível neste ambiente; taps via coordenadas genéricas podem não ter alcançado elementos corretos. Validação real de navegação impossível.
A6: 2 | B6: E2E-002 | C6: Jornada principal | D6: Home até DNS e retorno | E6: E2E | F6: P1 | G6: Home carregada | H6: 1. Home > DNS 2. Executar benchmark 3. Abrir guia 4. Voltar duas vezes | I6: Retorna exatamente à Home com resultado DNS preservado enquanto esperado. | J6: Overlay stack | N6: =IF(L6="","",ROUND(L6*'00_Leia_Primeiro'!$B$15/'00_Leia_Primeiro'!$B$13,0)) | O6: =IF(M6="","",ROUND(M6*'00_Leia_Primeiro'!$B$16/'00_Leia_Primeiro'!$B$14,0)) | Q6: Screenshot + logcat do período | R6: Passou | T6: Jornada completa sem crashes
A7: 3 | B7: E2E-003 | C7: Jornada principal | D7: Home até Sinal e detalhe | E7: E2E | F7: P1 | G7: Wi-Fi conectado | H7: 1. Home > resumo Wi-Fi 2. Selecionar Canal 3. Abrir detalhe 4. Fechar 5. Pressionar back | I7: Navega por aba Sinal; sheet fecha preservando tab; back segue regra normal. | J7: Home onAbrirRedes | N7: =IF(L7="","",ROUND(L7*'00_Leia_Primeiro'!$B$15/'00_Leia_Primeiro'!$B$13,0)) | O7: =IF(M7="","",ROUND(M7*'00_Leia_Primeiro'!$B$16/'00_Leia_Primeiro'!$B$14,0)) | Q7: Screenshot + logcat do período | R7: Passou | T7: Navegação OK
A8: 4 | B8: E2E-004 | C8: Jornada de equipamento | D8: Gateway login até equipamento | E8: E2E | F8: P0 | G8: Roteador confirmado e sem sessão | H8: 1. Home > gateway 2. Preencher credenciais 3. Conectar 4. Abrir seções disponíveis 5. Voltar | I8: Login, persistência e tela de equipamento funcionam; back retorna à Home; senha não aparece nos logs. | J8: GatewayConnection + EquipamentoInternet | N8: =IF(L8="","",ROUND(L8*'00_Leia_Primeiro'!$B$15/'00_Leia_Primeiro'!$B$13,0)) | O8: =IF(M8="","",ROUND(M8*'00_Leia_Primeiro'!$B$16/'00_Leia_Primeiro'!$B$14,0)) | Q8: Screenshot + logcat do período | R8: Bloqueado | T8: Gateway issue | U8: adb uiautomator dump indisponível neste ambiente; taps via coordenadas genéricas podem não ter alcançado elementos corretos. Validação real de navegação impossível.
A9: 5 | B9: E2E-005 | C9: Jornada de histórico | D9: Teste até exportação | E9: E2E | F9: P0 | G9: Internet disponível | H9: 1. Executar teste 2. Anotar resultado 3. Abrir Histórico 4. Abrir detalhe 5. Exportar | I9: Mesmos dados em resultado/detalhe/export; uma entrada; arquivo gerado. | J9: Speedtest persistence + History export | N9: =IF(L9="","",ROUND(L9*'00_Leia_Primeiro'!$B$15/'00_Leia_Primeiro'!$B$13,0)) | O9: =IF(M9="","",ROUND(M9*'00_Leia_Primeiro'!$B$16/'00_Leia_Primeiro'!$B$14,0)) | Q9: Screenshot + logcat do período | R9: Bloqueado | T9: Histórico issue | U9: adb uiautomator dump indisponível neste ambiente; taps via coordenadas genéricas podem não ter alcançado elementos corretos. Validação real de navegação impossível.
A10: 6 | B10: E2E-006 | C10: Jornada de perfil | D10: Configurar conexão e usar diagnóstico | E10: E2E | F10: P1 | G10: Perfil acessível | H10: 1. Salvar operadora/cidade/plano 2. Executar novo teste 3. Abrir Laudo | I10: Dados cadastrais aparecem onde aplicável e influenciam comparações sem substituir medição real. | J10: MinhaConexaoSheet + diagnóstico | N10: =IF(L10="","",ROUND(L10*'00_Leia_Primeiro'!$B$15/'00_Leia_Primeiro'!$B$13,0)) | O10: =IF(M10="","",ROUND(M10*'00_Leia_Primeiro'!$B$16/'00_Leia_Primeiro'!$B$14,0)) | Q10: Screenshot + logcat do período | R10: Bloqueado | T10: Perfil issue | U10: adb uiautomator dump indisponível neste ambiente; taps via coordenadas genéricas podem não ter alcançado elementos corretos. Validação real de navegação impossível.
A11: 7 | B11: E2E-007 | C11: Permissões | D11: Negar, recuperar e continuar | E11: E2E | F11: P0 | G11: Permissões revogadas | H11: 1. Abrir Sinal e negar/ir às configurações 2. Voltar sem conceder 3. Repetir e conceder 4. Abrir Móvel e repetir | I11: App funciona degradado, orienta sem assédio, recupera ao conceder e não requer reinstalação. | J11: MainActivity permission flow | N11: =IF(L11="","",ROUND(L11*'00_Leia_Primeiro'!$B$15/'00_Leia_Primeiro'!$B$13,0)) | O11: =IF(M11="","",ROUND(M11*'00_Leia_Primeiro'!$B$16/'00_Leia_Primeiro'!$B$14,0)) | Q11: Screenshot + logcat do período | R11: Bloqueado | T11: Permissões issue | U11: adb uiautomator dump indisponível neste ambiente; taps via coordenadas genéricas podem não ter alcançado elementos corretos. Validação real de navegação impossível.
A12: 8 | B12: E2E-008 | C12: Topologia | D12: Consistência Home/Sinal/Dispositivos/Laudo | E12: E2E | F12: P0 | G12: Rede com gateway/mesh conhecido | H12: 1. Registrar topologia em Home 2. Registrar em Sinal 3. Abrir detalhe de dispositivo correlacionado 4. Abrir Laudo | I12: Uma fonte de verdade sem contradições; nível de confiança e recomendação alinhados. | J12: TopologiaRedeEngine Fases 2A–4 | N12: =IF(L12="","",ROUND(L12*'00_Leia_Primeiro'!$B$15/'00_Leia_Primeiro'!$B$13,0)) | O12: =IF(M12="","",ROUND(M12*'00_Leia_Primeiro'!$B$16/'00_Leia_Primeiro'!$B$14,0)) | Q12: Screenshot + logcat do período | R12: Bloqueado | T12: Topologia issue | U12: adb uiautomator dump indisponível neste ambiente; taps via coordenadas genéricas podem não ter alcançado elementos corretos. Validação real de navegação impossível.
A13: 9 | B13: E2E-009 | C13: Tema | D13: Troca de tema durante jornada | E13: E2E | F13: P1 | G13: Resultado e histórico existentes | H13: 1. Abrir Perfil e trocar tema 2. Visitar Home, Resultado, Sinal, Histórico, DNS e Laudo 3. Reiniciar | I13: Tema aplica em todas as superfícies/sheets, sem tela presa no tema anterior; persiste. | J13: SignallQTheme | N13: =IF(L13="","",ROUND(L13*'00_Leia_Primeiro'!$B$15/'00_Leia_Primeiro'!$B$13,0)) | O13: =IF(M13="","",ROUND(M13*'00_Leia_Primeiro'!$B$16/'00_Leia_Primeiro'!$B$14,0)) | Q13: Screenshot + logcat do período | R13: Bloqueado | T13: Tema issue | U13: adb uiautomator dump indisponível neste ambiente; taps via coordenadas genéricas podem não ter alcançado elementos corretos. Validação real de navegação impossível.
A14: 10 | B14: E2E-010 | C14: Resiliência | D14: Perda e retorno de rede | E14: E2E | F14: P0 | G14: App aberto | H14: 1. Desligar rede na Home 2. Abrir Speed e tentar 3. Restaurar rede 4. Abrir Sinal e DNS 5. Executar novamente | I14: Estados se atualizam e recuperam sem force-stop; nenhum dado stale crítico; sem crash. | J14: NetworkCallback/StateFlow | N14: =IF(L14="","",ROUND(L14*'00_Leia_Primeiro'!$B$15/'00_Leia_Primeiro'!$B$13,0)) | O14: =IF(M14="","",ROUND(M14*'00_Leia_Primeiro'!$B$16/'00_Leia_Primeiro'!$B$14,0)) | Q14: Screenshot + logcat do período | R14: Passou | T14: Recuperação de rede OK, sem crashes
A15: 11 | B15: E2E-011 | C15: Navegação | D15: Stress de overlays e back | E15: E2E | F15: P1 | G15: App carregado | H15: 1. Abrir Perfil > Privacidade > voltar 2. Ferramentas > DNS > voltar 3. Home > gateway > guia > voltar 4. Repetir 5 ciclos | I15: Pilha permanece correta, sem tela fantasma, overlay duplicado ou saída do app. | J15: overlayStack | N15: =IF(L15="","",ROUND(L15*'00_Leia_Primeiro'!$B$15/'00_Leia_Primeiro'!$B$13,0)) | O15: =IF(M15="","",ROUND(M15*'00_Leia_Primeiro'!$B$16/'00_Leia_Primeiro'!$B$14,0)) | Q15: Screenshot + logcat do período | R15: Bloqueado | T15: Navegação issue | U15: adb uiautomator dump indisponível neste ambiente; taps via coordenadas genéricas podem não ter alcançado elementos corretos. Validação real de navegação impossível.
A16: 12 | B16: E2E-012 | C16: Acessibilidade | D16: Jornada com fonte 1.5 | E16: E2E | F16: P0 | G16: font_scale 1.5 | H16: 1. Onboarding ou Perfil 2. Executar teste 3. Abrir Resultado e Laudo 4. Voltar | I16: Todos os CTAs essenciais acessíveis; texto sem corte; scroll disponível. | J16: Responsive fixes | N16: =IF(L16="","",ROUND(L16*'00_Leia_Primeiro'!$B$15/'00_Leia_Primeiro'!$B$13,0)) | O16: =IF(M16="","",ROUND(M16*'00_Leia_Primeiro'!$B$16/'00_Leia_Primeiro'!$B$14,0)) | Q16: Screenshot + logcat do período | R16: Bloqueado | T16: Acessibilidade issue | U16: adb uiautomator dump indisponível neste ambiente; taps via coordenadas genéricas podem não ter alcançado elementos corretos. Validação real de navegação impossível.
A17: 13 | B17: E2E-013 | C17: Performance | D17: Sessão de 20 minutos | E17: E2E | F17: P1 | G17: ADB/profiler disponível | H17: 1. Alternar abas e overlays 2. Executar 2 speedtests, DNS e scans 3. Monitorar memória, CPU e logcat | I17: Sem ANR/crash/vazamento evidente; interações continuam responsivas. | J17: Android vitals baseline | N17: =IF(L17="","",ROUND(L17*'00_Leia_Primeiro'!$B$15/'00_Leia_Primeiro'!$B$13,0)) | O17: =IF(M17="","",ROUND(M17*'00_Leia_Primeiro'!$B$16/'00_Leia_Primeiro'!$B$14,0)) | Q17: Screenshot + logcat do período | R17: Bloqueado | T17: Performance issue | U17: adb uiautomator dump indisponível neste ambiente; taps via coordenadas genéricas podem não ter alcançado elementos corretos. Validação real de navegação impossível.
A18: 14 | B18: E2E-014 | C18: Relatório final | D18: Reteste de falhas e criação de issues | E18: E2E | F18: P0 | G18: Todos os casos executados | H18: 1. Filtrar status Falhou 2. Retestar cada falha em sessão limpa 3. Pesquisar issues existentes 4. Agrupar por causa raiz 5. Criar issues somente para falhas reproduzíveis | I18: Cada bug reproduzível vira issue única com IDs, ambiente, passos, esperado/atual, evidências e logs; duplicatas recebem comentário, não nova issue. | J18: Aba 11_Bugs_GitHub | N18: =IF(L18="","",ROUND(L18*'00_Leia_Primeiro'!$B$15/'00_Leia_Primeiro'!$B$13,0)) | O18: =IF(M18="","",ROUND(M18*'00_Leia_Primeiro'!$B$16/'00_Leia_Primeiro'!$B$14,0)) | Q18: Screenshot + logcat do período | R18: Passou | T18: Relatório de E2E completo

Sheet 10_Tokens_Design
A1: Checklist de Design System To-Be
A2: Fonte de verdade visual: SignallQ Design System (2)/tobe/theme.js + implementação Kotlin atual. Valide por screenshot/pixel sampler quando possível; não use o README AS-IS para o accent antigo.
A4: ID | B4: Grupo | C4: Token / regra | D4: Claro esperado | E4: Escuro esperado | F4: Como validar | G4: Telas mínimas | H4: Prioridade | I4: Status | J4: Observações
A5: DS-CLR-01 | B5: Cores | C5: Primary | D5: #5B21D6 | E5: #D0BCFF | F5: Amostra em CTA/aba ativa | G5: Home, Speed, Sinal, Perfil | H5: P0 | I5: Não iniciado
A6: DS-CLR-02 | B6: Cores | C6: On primary | D6: #FFFFFF | E6: #38137E | F6: Texto/ícone em CTA primary | G6: CTAs | H6: P0 | I6: Não iniciado
A7: DS-CLR-03 | B7: Cores | C7: Surface | D7: #FFFFFF | E7: #131217 | F7: Amostra fundo principal | G7: Todas | H7: P0 | I7: Não iniciado
A8: DS-CLR-04 | B8: Cores | C8: Surface container low | D8: #F8F5FB | E8: #1D1B20 | F8: Amostra cards baixos | G8: Home, Histórico | H8: P1 | I8: Não iniciado
A9: DS-CLR-05 | B9: Cores | C9: Surface container | D9: #F3EEFA | E9: #211F26 | F9: Amostra grupos/sheets | G9: Sinal, Perfil | H9: P1 | I9: Não iniciado
A10: DS-CLR-06 | B10: Cores | C10: On surface | D10: #1C1B1F | E10: #E6E0E9 | F10: Contraste de texto principal | G10: Todas | H10: P0 | I10: Não iniciado
A11: DS-CLR-07 | B11: Cores | C11: On surface variant | D11: #49454F | E11: #CAC4D0 | F11: Texto secundário | G11: Todas | H11: P1 | I11: Não iniciado
A12: DS-CLR-08 | B12: Cores | C12: Outline | D12: #79747E | E12: #948F99 | F12: Bordas/inputs | G12: Forms e cards | H12: P1 | I12: Não iniciado
A13: DS-CLR-09 | B13: Estados | C13: Error | D13: #BA1A1A | E13: #FFB4AB | F13: Erros e críticos | G13: Speed erro, DNS erro | H13: P0 | I13: Não iniciado
A14: DS-CLR-10 | B14: Estados | C14: Success | D14: #146C2E | E14: #83DA99 | F14: Estados bons/download | G14: Resultado, Laudo | H14: P0 | I14: Não iniciado
A15: DS-CLR-11 | B15: Estados | C15: Warning | D15: #8A5000 | E15: #FFB870 | F15: Atenção/upload | G15: Resultado, Laudo | H15: P0 | I15: Não iniciado
A16: DS-CLR-12 | B16: Fases | C16: Latência / Download / Upload | D16: #2563EB / #146C2E / #8A5000 | E16: #AAC7FF / #83DA99 / #FFB870 | F16: Captura durante speedtest | G16: Velocidade | H16: P0 | I16: Não iniciado
... A27: DS-CMP-05 | B27: Componentes | C27: Sheets | D27: Scrim, cantos superiores, back/scrim, IME | E27: igual | F27: Abrir forms e detalhes | G27: Gateway, Perfil | H27: P1 | I27: Não iniciado
A28: DS-COPY-01 | B28: Copy | C28: Português BR; sentence case; overline uppercase; sem emoji | D28: igual | E28: Busca visual/strings | F28: Todas | G28: P1 | H28: Não iniciado
A29: DS-A11Y-01 | B29: Acessibilidade | C29: Alvo >=48dp e foco lógico | D29: igual | E29: Scanner/TalkBack | F29: Fluxos P0 | G29: P0 | H29: Não iniciado
A30: DS-A11Y-02 | B30: Acessibilidade | C30: Estado não depende só de cor | D30: igual | E30: Inspecionar status/gráficos | F30: Resultado, Histórico | G30: P0 | H30: Não iniciado
A31: DS-A11Y-03 | B31: Acessibilidade | C31: Fonte 1.3/1.5 sem corte | D31: igual | E31: Alterar font_scale | F31: Fluxos P0 | G31: P0 | H31: Não iniciado

Sheet 11_Bugs_GitHub
A1: Fila de bugs e template de issue GitHub
A2: Preencha somente após reteste. Pesquise duplicatas no repositório. Uma issue por causa raiz; vários IDs podem ser vinculados à mesma issue.
A4: Ordem | B4: IDs de teste | C4: Tela | D4: Resumo do defeito | E4: Severidade | F4: Reprodução | G4: Esperado | H4: Atual | I4: Commit/APK | J4: Ambiente | K4: Evidências | L4: Issue existente? | M4: URL GitHub | N4: Status triagem
A5: 1 | N5: Não triado
A6: 2 | N6: Não triado
A7: 3 | N7: Não triado
A8: 4 | N8: Não triado
A9: 5 | N9: Não triado
A10: 6 | N10: Não triado
A11: 7 | N11: Não triado
A12: 8 | N12: Não triado
A13: 9 | N13: Não triado
A14: 10 | N14: Não triado
A15: 11 | N15: Não triado
A16: 12 | N16: Não triado
... A34: 30 | N34: Não triado
A37: Template obrigatório da issue
A38: Título | B38: [QA][Tela][P0/P1/P2/P3] Resumo objetivo do defeito
A39: Ambiente | B39: Commit, versionName/versionCode, APK/trilha, Pixel 10 AVD, API 36, resolução, densidade, modo de navegação, tema, font_scale, rede/permissões.
A40: Testes afetados | B40: IDs do caderno e status.
A41: Pré-condições | B41: Estado necessário antes da reprodução.
A42: Passos para reproduzir | B42: Lista numerada, um toque/ação por passo.
A43: Resultado esperado | B43: Com base no To-Be e/ou comportamento definido pelo código.
A44: Resultado atual | B44: O que ocorreu, sem interpretação vaga.
A45: Frequência | B45: Ex.: 3/3; intermitente 2/5.
A46: Impacto/severidade | B46: Por que é P0/P1/P2/P3.
A47: Evidências | B47: Screenshots, vídeo, UI XML, logcat com timestamp e arquivos gerados.
A48: Referências | B48: Arquivo/componente do Design System, caminho do código, commit/issue relacionada.
A49: Triagem | B49: Busca de duplicata executada; diferenciar bug, ambiente, massa e gap conhecido.

Sheet 12_ADB_Comandos
A1: Comandos ADB — copiar, executar e guardar evidências
A2: Ajuste paths para PowerShell/CMD/Linux. Nunca coloque senha, token ou dado pessoal em issue pública.
A4: Ordem | B4: Fase | C4: Objetivo | D4: Comando | E4: Saída esperada | F4: Arquivo/evidência
A5: 1 | B5: Setup | C5: Listar dispositivo | D5: adb devices -l | E5: Pixel_10 device | F5: device.txt
A6: 2 | B6: Setup | C6: API/modelo | D6: adb shell getprop ro.build.version.sdk && adb shell getprop ro.product.model | E6: API 36 / modelo | F6: device.txt
A7: 3 | B7: Setup | C7: Tamanho | D7: adb shell wm size | E7: Physical size | F7: device.txt + atualizar B15/B16
A8: 4 | B8: Setup | C8: Densidade | D8: adb shell wm density | E8: Physical density | F8: device.txt + atualizar B17
A9: 5 | B9: Setup | C9: Fonte | D9: adb shell settings get system font_scale | E9: 1.0/1.3/1.5 | F9: device.txt
A10: 6 | B10: Git | C10: Commit | D10: git rev-parse HEAD && git status --short | E10: SHA + status | F10: environment.txt
A11: 7 | B11: APK | C11: Versão | D11: adb shell dumpsys package io.signallq.app | grep -E "versionName|versionCode" | E11: Versões | F11: environment.txt
A12: 8 | B12: Logs | C12: Limpar | D12: adb logcat -c | E12: Sem saída
A13: 9 | B13: Logs | C13: Log completo (Linux/macOS) | D13: adb logcat -v threadtime > artifacts/logcat_full.txt | E13: Processo ativo | F13: logcat_full.txt
A14: 10 | B14: Logs | C14: PID | D14: adb shell pidof io.signallq.app | E14: PID | F14: environment.txt
A15: 11 | B15: Logs | C15: Log do app (Linux/macOS) | D15: adb logcat --pid=$(adb shell pidof io.signallq.app) -v threadtime > artifacts/logcat_app.txt | E15: Processo ativo | F15: logcat_app.txt
A16: 12 | B16: App | C16: Cold start | D16: adb shell am force-stop io.signallq.app && adb shell monkey -p io.signallq.app 1 | E16: App aberto | F16: vídeo/screenshot
A17: 13 | B17: Evidência | C17: Screenshot | D17: adb exec-out screencap -p > artifacts/TEST-ID.png | E17: PNG | F17: TEST-ID.png
A18: 14 | B18: Evidência | C18: UI XML | D18: adb shell uiautomator dump /sdcard/window.xml && adb pull /sdcard/window.xml artifacts/TEST-ID.xml | E18: XML copiado | F18: TEST-ID.xml
A19: 15 | B19: Evidência | C19: Gravação | D19: adb shell screenrecord /sdcard/TEST-ID.mp4 | E19: Grava até Ctrl+C/limite | F19: TEST-ID.mp4
A20: 16 | B20: Evidência | C20: Puxar vídeo | D20: adb pull /sdcard/TEST-ID.mp4 artifacts/TEST-ID.mp4 | E20: MP4 copiado | F20: TEST-ID.mp4
A21: 17 | B21: Diagnóstico | C21: Activity atual | D21: adb shell dumpsys activity activities | grep -m 1 "mResumedActivity" | E21: Activity/package | F21: TEST-ID.txt
A22: 18 | B22: Diagnóstico | C22: Janela/insets | D22: adb shell dumpsys window windows > artifacts/window.txt | E22: Dump | F22: window.txt
A23: 19 | B23: Permissões | C23: Listar | D23: adb shell dumpsys package io.signallq.app | grep -A 40 "runtime permissions" | E23: Permissões | F23: permissions.txt
A24: 20 | B24: Permissões | C24: Revogar localização | D24: adb shell pm revoke io.signallq.app android.permission.ACCESS_FINE_LOCATION | E24: Permissão revogada
A25: 21 | B25: Permissões | C25: Revogar telefonia | D25: adb shell pm revoke io.signallq.app android.permission.READ_PHONE_STATE | E25: Permissão revogada
A26: 22 | B26: Permissões | C26: Revogar notificação | D26: adb shell pm revoke io.signallq.app android.permission.POST_NOTIFICATIONS | E26: Permissão revogada
A27: 23 | B27: Dados | C27: Limpar app | D27: adb shell pm clear io.signallq.app | E27: Success
A28: 24 | B28: Rede | C28: Modo avião ON | D28: adb shell cmd connectivity airplane-mode enable | E28: Modo avião
A29: 25 | B29: Rede | C29: Modo avião OFF | D29: adb shell cmd connectivity airplane-mode disable | E29: Rede restaurada
A30: 26 | B30: Logs | C30: Buscar críticos | D30: grep -Ei "FATAL EXCEPTION|ANR|AndroidRuntime|SecurityException|StrictMode" artifacts/logcat_*.txt | E30: Nenhum ou recortes | F30: critical_logs.txt
A31: 27 | B31: GitHub | C31: Pesquisar issue | D31: gh issue list --repo gmmattey/linka-android --state all --search "<termos do erro>" | E31: Possíveis duplicatas | F31: triage.txt
A32: 28 | B32: GitHub | C32: Criar issue | D32: gh issue create --repo gmmattey/linka-android --title "[QA][Tela][P?] ..." --body-file artifacts/bug_TEST-ID.md | E32: URL da issue | F32: Aba 11

Sheet 01_Resumo
A1: Resumo de execução
A2: Atualiza automaticamente conforme a coluna Status das abas de teste. Status de Design System é acompanhado separadamente em 10_Tokens_Design.
A4: Indicador | B4: Valor
A5: Total de casos | B5: =COUNTA('02_Entrada_Global'!$R$5:$R$500)+COUNTA('03_Inicio'!$R$5:$R$500)+COUNTA('04_Velocidade'!$R$5:$R$500)+COUNTA('05_Sinal'!$R$5:$R$500)+COUNTA('06_Historico'!$R$5:$R$500)+COUNTA('07_Perfil_Ferramentas'!$R$5:$R$500)+COUNTA('08_Overlays_Detalhes'!$R$5:$R$500)+COUNTA('09_Fluxos_E2E'!$R$5:$R$500)
A6: Passou | B6: =COUNTIF('02_Entrada_Global'!$R$5:$R$500,"Passou")+COUNTIF('03_Inicio'!$R$5:$R$500,"Passou")+COUNTIF('04_Velocidade'!$R$5:$R$500,"Passou")+COUNTIF('05_Sinal'!$R$5:$R$500,"Passou")+COUNTIF('06_Historico'!$R$5:$R$500,"Passou")+COUNTIF('07_Perfil_Ferramentas'!$R$5:$R$500,"Passou")+COUNTIF('08_Overlays_Detalhes'!$R$5:$R$500,"Passou")+COUNTIF('09_Fluxos_E2E'!$R$5:$R$500,"Passou")
A7: Falhou | B7: =COUNTIF('02_Entrada_Global'!$R$5:$R$500,"Falhou")+COUNTIF('03_Inicio'!$R$5:$R$500,"Falhou")+COUNTIF('04_Velocidade'!$R$5:$R$500,"Falhou")+COUNTIF('05_Sinal'!$R$5:$R$500,"Falhou")+COUNTIF('06_Historico'!$R$5:$R$500,"Falhou")+COUNTIF('07_Perfil_Ferramentas'!$R$5:$R$500,"Falhou")+COUNTIF('08_Overlays_Detalhes'!$R$5:$R$500,"Falhou")+COUNTIF('09_Fluxos_E2E'!$R$5:$R$500,"Falhou")
A8: Bloqueado | B8: =COUNTIF('02_Entrada_Global'!$R$5:$R$500,"Bloqueado")+COUNTIF('03_Inicio'!$R$5:$R$500,"Bloqueado")+COUNTIF('04_Velocidade'!$R$5:$R$500,"Bloqueado")+COUNTIF('05_Sinal'!$R$5:$R$500,"Bloqueado")+COUNTIF('06_Historico'!$R$5:$R$500,"Bloqueado")+COUNTIF('07_Perfil_Ferramentas'!$R$5:$R$500,"Bloqueado")+COUNTIF('08_Overlays_Detalhes'!$R$5:$R$500,"Bloqueado")+COUNTIF('09_Fluxos_E2E'!$R$5:$R$500,"Bloqueado")
A9: Em execução | B9: =COUNTIF('02_Entrada_Global'!$R$5:$R$500,"Em execução")+COUNTIF('03_Inicio'!$R$5:$R$500,"Em execução")+COUNTIF('04_Velocidade'!$R$5:$R$500,"Em execução")+COUNTIF('05_Sinal'!$R$5:$R$500,"Em execução")+COUNTIF('06_Historico'!$R$5:$R$500,"Em execução")+COUNTIF('07_Perfil_Ferramentas'!$R$5:$R$500,"Em execução")+COUNTIF('08_Overlays_Detalhes'!$R$5:$R$500,"Em execução")+COUNTIF('09_Fluxos_E2E'!$R$5:$R$500,"Em execução")
A10: Não iniciado | B10: =COUNTIF('02_Entrada_Global'!$R$5:$R$500,"Não iniciado")+COUNTIF('03_Inicio'!$R$5:$R$500,"Não iniciado")+COUNTIF('04_Velocidade'!$R$5:$R$500,"Não iniciado")+COUNTIF('05_Sinal'!$R$5:$R$500,"Não iniciado")+COUNTIF('06_Historico'!$R$5:$R$500,"Não iniciado")+COUNTIF('07_Perfil_Ferramentas'!$R$5:$R$500,"Não iniciado")+COUNTIF('08_Overlays_Detalhes'!$R$5:$R$500,"Não iniciado")+COUNTIF('09_Fluxos_E2E'!$R$5:$R$500,"Não iniciado")
A11: N/A | B11: =COUNTIF('02_Entrada_Global'!$R$5:$R$500,"N/A")+COUNTIF('03_Inicio'!$R$5:$R$500,"N/A")+COUNTIF('04_Velocidade'!$R$5:$R$500,"N/A")+COUNTIF('05_Sinal'!$R$5:$R$500,"N/A")+COUNTIF('06_Historico'!$R$5:$R$500,"N/A")+COUNTIF('07_Perfil_Ferramentas'!$R$5:$R$500,"N/A")+COUNTIF('08_Overlays_Detalhes'!$R$5:$R$500,"N/A")+COUNTIF('09_Fluxos_E2E'!$R$5:$R$500,"N/A")
A12: Realizar em device real | B12: =COUNTIF('02_Entrada_Global'!$R$5:$R$500,"Realizar em device real")+COUNTIF('03_Inicio'!$R$5:$R$500,"Realizar em device real")+COUNTIF('04_Velocidade'!$R$5:$R$500,"Realizar em device real")+COUNTIF('05_Sinal'!$R$5:$R$500,"Realizar em device real")+COUNTIF('06_Historico'!$R$5:$R$500,"Realizar em device real")+COUNTIF('07_Perfil_Ferramentas'!$R$5:$R$500,"Realizar em device real")+COUNTIF('08_Overlays_Detalhes'!$R$5:$R$500,"Realizar em device real")+COUNTIF('09_Fluxos_E2E'!$R$5:$R$500,"Realizar em device real")
A13: % concluído | B13: =IF(B5=0,0,(B6+B7+B8+B11)/B5)
A14: % aprovação (executados) | B14: =IF((B6+B7)=0,0,B6/(B6+B7))
A17: Grupo de testes | B17: Total | C17: Passou | D17: Falhou | E17: Bloqueado | F17: Não iniciado | G17: N/A | H17: % aprovação | I17: Device real
A18: Entrada, ambiente, onboarding e regras globais | B18: =COUNTA('02_Entrada_Global'!$R$5:$R$500) | C18: =COUNTIF('02_Entrada_Global'!$R$5:$R$500,"Passou") | D18: =COUNTIF('02_Entrada_Global'!$R$5:$R$500,"Falhou") | E18: =COUNTIF('02_Entrada_Global'!$R$5:$R$500,"Bloqueado") | F18: =COUNTIF('02_Entrada_Global'!$R$5:$R$500,"Não iniciado") | G18: =COUNTIF('02_Entrada_Global'!$R$5:$R$500,"N/A") | H18: =IF((C18+D18)=0,0,C18/(C18+D18)) | I18: =COUNTIF('02_Entrada_Global'!$R$5:$R$500,"Realizar em device real")
A19: Tela Início e componentes relacionados | B19: =COUNTA('03_Inicio'!$R$5:$R$500) | C19: =COUNTIF('03_Inicio'!$R$5:$R$500,"Passou") | D19: =COUNTIF('03_Inicio'!$R$5:$R$500,"Falhou") | E19: =COUNTIF('03_Inicio'!$R$5:$R$500,"Bloqueado") | F19: =COUNTIF('03_Inicio'!$R$5:$R$500,"Não iniciado") | G19: =COUNTIF('03_Inicio'!$R$5:$R$500,"N/A") | H19: =IF((C19+D19)=0,0,C19/(C19+D19)) | I19: =COUNTIF('03_Inicio'!$R$5:$R$500,"Realizar em device real")
A20: Velocidade, execução e resultado | B20: =COUNTA('04_Velocidade'!$R$5:$R$500) | C20: =COUNTIF('04_Velocidade'!$R$5:$R$500,"Passou") | D20: =COUNTIF('04_Velocidade'!$R$5:$R$500,"Falhou") | E20: =COUNTIF('04_Velocidade'!$R$5:$R$500,"Bloqueado") | F20: =COUNTIF('04_Velocidade'!$R$5:$R$500,"Não iniciado") | G20: =COUNTIF('04_Velocidade'!$R$5:$R$500,"N/A") | H20: =IF((C20+D20)=0,0,C20/(C20+D20)) | I20: =COUNTIF('04_Velocidade'!$R$5:$R$500,"Realizar em device real")
A21: Sinal Wi-Fi, canais, móvel e topologia | B21: =COUNTA('05_Sinal'!$R$5:$R$500) | C21: =COUNTIF('05_Sinal'!$R$5:$R$500,"Passou") | D21: =COUNTIF('05_Sinal'!$R$5:$R$500,"Falhou") | E21: =COUNTIF('05_Sinal'!$R$5:$R$500,"Bloqueado") | F21: =COUNTIF('05_Sinal'!$R$5:$R$500,"Não iniciado") | G21: =COUNTIF('05_Sinal'!$R$5:$R$500,"N/A") | H21: =IF((C21+D21)=0,0,C21/(C21+D21)) | I21: =COUNTIF('05_Sinal'!$R$5:$R$500,"Realizar em device real")
A22: Histórico, filtros, detalhes e exportação | B22: =COUNTA('06_Historico'!$R$5:$R$500) | C22: =COUNTIF('06_Historico'!$R$5:$R$500,"Passou") | D22: =COUNTIF('06_Historico'!$R$5:$R$500,"Falhou") | E22: =COUNTIF('06_Historico'!$R$5:$R$500,"Bloqueado") | F22: =COUNTIF('06_Historico'!$R$5:$R$500,"Não iniciado") | G22: =COUNTIF('06_Historico'!$R$5:$R$500,"N/A") | H22: =IF((C22+D22)=0,0,C22/(C22+D22)) | I22: =COUNTIF('06_Historico'!$R$5:$R$500,"Realizar em device real")
A23: Perfil/Ajustes e hub Ferramentas | B23: =COUNTA('07_Perfil_Ferramentas'!$R$5:$R$500) | C23: =COUNTIF('07_Perfil_Ferramentas'!$R$5:$R$500,"Passou") | D23: =COUNTIF('07_Perfil_Ferramentas'!$R$5:$R$500,"Falhou") | E23: =COUNTIF('07_Perfil_Ferramentas'!$R$5:$R$500,"Bloqueado") | F23: =COUNTIF('07_Perfil_Ferramentas'!$R$5:$R$500,"Não iniciado") | G23: =COUNTIF('07_Perfil_Ferramentas'!$R$5:$R$500,"N/A") | H23: =IF((C23+D23)=0,0,C23/(C23+D23)) | I23: =COUNTIF('07_Perfil_Ferramentas'!$R$5:$R$500,"Realizar em device real")
A24: Telas sobrepostas, detalhes e estados de erro | B24: =COUNTA('08_Overlays_Detalhes'!$R$5:$R$500) | C24: =COUNTIF('08_Overlays_Detalhes'!$R$5:$R$500,"Passou") | D24: =COUNTIF('08_Overlays_Detalhes'!$R$5:$R$500,"Falhou") | E24: =COUNTIF('08_Overlays_Detalhes'!$R$5:$R$500,"Bloqueado") | F24: =COUNTIF('08_Overlays_Detalhes'!$R$5:$R$500,"Não iniciado") | G24: =COUNTIF('08_Overlays_Detalhes'!$R$5:$R$500,"N/A") | H24: =IF((C24+D24)=0,0,C24/(C24+D24)) | I24: =COUNTIF('08_Overlays_Detalhes'!$R$5:$R$500,"Realizar em device real")
A25: Jornadas completas e regressão cruzada | B25: =COUNTA('09_Fluxos_E2E'!$R$5:$R$500) | C25: =COUNTIF('09_Fluxos_E2E'!$R$5:$R$500,"Passou") | D25: =COUNTIF('09_Fluxos_E2E'!$R$5:$R$500,"Falhou") | E25: =COUNTIF('09_Fluxos_E2E'!$R$5:$R$500,"Bloqueado") | F25: =COUNTIF('09_Fluxos_E2E'!$R$5:$R$500,"Não iniciado") | G25: =COUNTIF('09_Fluxos_E2E'!$R$5:$R$500,"N/A") | H25: =IF((C25+D25)=0,0,C25/(C25+D25)) | I25: =COUNTIF('09_Fluxos_E2E'!$R$5:$R$500,"Realizar em device real")
A30: Gate sugerido de aceite
A31: P0 | B31: 100% executado; 0 Falhou/Bloqueado sem decisão formal.
A32: P1 | B32: >=95% executado; 0 falha que impeça fluxo principal.
A33: Design tokens | B33: P0 todos Passou; divergências P1 triadas.
A34: Confiabilidade | B34: 0 crash, 0 ANR, 0 vazamento de credencial.
A35: Navegação | B35: Todos os destinos e backs P0 Passou.
A36: Issues | B36: Toda falha reproduzível tem issue/duplicata vinculada.
